"#Aaliyah","Aaliyah"
"#Aaron","Aaron"
"#Aaron","Aron"
"#Aaron","Arron"
"#Abbott","Abbie"
"#Abbott","Abbott"
"#Abdiel","Abdiel"
"#Abdullah","Abdullah"
"#Abel","Abel"
"#Abigail","Abbey"
"#Abigail","Abbigail"
"#Abigail","Abby"
"#Abigail","Abigail"
"#Abigail","Gail"
"#Abigail","Gayle"
"#Abner","Abner"
"#Abraham","Abe"
"#Abraham","Abraham"
"#Abraham","Abram"
"#Abraham","Aram"
"#Abraham","Ibrahim"
"#Absalom","Absalom"
"#Absalom","Absolom"
"#Ace","Ace"
"#Adair","Ada"
"#Adair","Adair"
"#Adair","Adela"
"#Adair","Adelaide"
"#Adair","Adele"
"#Adair","Adeline"
"#Adair","Heidi"
"#Adam","Adam"
"#Adan","Adan"
"#Addison","Addison"
"#Adlai","Adlai"
"#Adonai","Adonai"
"#Adonis","Adonis"
"#Adora","Adora"
"#Adrian","Adrian"
"#Adrian","Adriana"
"#Adrian","Adrianna"
"#Adrian","Adriano"
"#Adrian","Adrien"
"#Adrian","Adrienne"
"#Agatha","Agatha"
"#Agatha","Aggie"
"#Agatha","Agnes"
"#Agatha","Annice"
"#Ahmed","Ahmad"
"#Ahmed","Ahmed"
"#Aida","Aida"
"#Aidan","Aidan"
"#Aidan","Aiden"
"#Ainsley","Ainsley"
"#Ainsley","Ainslie"
"#Aisha","Aisha"
"#Aja","Aja"
"#Ajax","Ajax"
"#Ajay","Ajay"
"#Ajay","Vijay"
"#Akeem","Akeem"
"#Akeem","Hakeem"
"#Akiva","Akiva"
"#Alameda","Alameda"
"#Alan","Alain"
"#Alan","Alaina"
"#Alan","Alan"
"#Alan","Allan"
"#Alan","Allen"
"#Alan","Alyn"
"#Alan","Lynnea"
"#Alana","Alana"
"#Alana","Alanna"
"#Alana","Alayna"
"#Albert","Albert"
"#Albert","Alberta"
"#Albert","Alberto"
"#Albert","Aubree"
"#Albert","Aubrey"
"#Alberta","Al"
"#Alden","Alden"
"#Aldo","Aldo"
"#Aleah","Aleah"
"#Alena","Alena"
"#Alexander","Alastair"
"#Alexander","Alec"
"#Alexander","Alejandra"
"#Alexander","Alejandro"
"#Alexander","Alessandra"
"#Alexander","Alex"
"#Alexander","Alexa"
"#Alexander","Alexander"
"#Alexander","Alexandra"
"#Alexander","Alexandre"
"#Alexander","Alexandrea"
"#Alexander","Alexandria"
"#Alexander","Alexandro"
"#Alexander","Alexia"
"#Alexander","Alexis"
"#Alexander","Alexus"
"#Alexander","Sandra"
"#Alexander","Sandy"
"#Alexander","Sasha"
"#Alexander","Sondra"
"#Alexander","Xander"
"#Alexander","Xandy"
"#Alexander","Zander"
"#Alexander","Zandra"
"#Alexavier","Alexavier"
"#Alfred","Alfred"
"#Alfred","Alfreda"
"#Alfred","Alfredo"
"#Algernon","Algernon"
"#Ali","Ali"
"#Alice","Alecia"
"#Alice","Alesha"
"#Alice","Aletha"
"#Alice","Alice"
"#Alice","Alicia"
"#Alice","Alisa"
"#Alice","Alisha"
"#Alice","Alison"
"#Alice","Alissa"
"#Alice","Allie"
"#Alice","Allison"
"#Alice","Ally"
"#Alice","Allyson"
"#Alice","Allyssa"
"#Alice","Alycia"
"#Alice","Alysa"
"#Alice","Alysha"
"#Alice","Alysia"
"#Alice","Alyson"
"#Alice","Alyssa"
"#Alice","Elissa"
"#Alice","Elyssa"
"#Alida","Alida"
"#Alina","Alina"
"#Aliya","Aliya"
"#Aliya","Aliyah"
"#Aliza","Aliza"
"#Allegra","Allegra"
"#Alma","Alma"
"#Almira","Almira"
"#Aloha","Aloha"
"#Alondra","Alondra"
"#Alonzo","Alonso"
"#Alonzo","Alonzo"
"#Aloysius","Aloysius"
"#Alphonse","Alfonso"
"#Alphonse","Alphonse"
"#Althea","Althea"
"#Alvaro","Alvaro"
"#Alvin","Alvin"
"#Amadeus","Amadeus"
"#Amalie","Amalia"
"#Amalie","Amalie"
"#Amalie","Amelia"
"#Amalie","Amelie"
"#Amanda","Amanda"
"#Amanda","Mandy"
"#Amani","Amani"
"#Amaris","Amaris"
"#Amaryllis","Amaryllis"
"#Amber","Amber"
"#Ambrose","Ambrose"
"#Amiel","Amiel"
"#Amir","Amir"
"#Amos","Amos"
"#Amy","Aimee"
"#Amy","Ami"
"#Amy","Amity"
"#Amy","Amy"
"#Anais","Anais"
"#Analise","Analiese"
"#Analise","Analise"
"#Analise","Annalise"
"#Analise","Annelise"
"#Anatola","Anatola"
"#Anatola","Anatole"
"#Andrew","Anderson"
"#Andrew","Andre"
"#Andrew","Andrea"
"#Andrew","Andreas"
"#Andrew","Andres"
"#Andrew","Andrew"
"#Andrew","Andy"
"#Andrew","Drew"
"#Andrew","Dru"
"#Angela","Angel"
"#Angela","Angela"
"#Angela","Angelica"
"#Angela","Angelina"
"#Angela","Angelique"
"#Angela","Angelito"
"#Angela","Angelo"
"#Angela","Angie"
"#Angela","Anjelica"
"#Angus","Angus"
"#Ani","Ani"
"#Anise","Anise"
"#Anissa","Anissa"
"#Ann","Ana"
"#Ann","Anika"
"#Ann","Anita"
"#Ann","Anja"
"#Ann","Ann"
"#Ann","Anna"
"#Ann","Anne"
"#Ann","Anneke"
"#Ann","Annette"
"#Ann","Annick"
"#Ann","Annie"
"#Ann","Annika"
"#Ann","Anya"
"#Ann","Hanna"
"#Ann","Hannah"
"#Ann","Nan"
"#Ann","Nancy"
"#Ann","Nanette"
"#Annabelle","Anabel"
"#Annabelle","Annabel"
"#Annabelle","Annabella"
"#Annabelle","Annabelle"
"#Annamarie","Annamarie"
"#Annamarie","Annmarie"
"#Ansel","Ansel"
"#Anson","Anson"
"#Anthony","Anthony"
"#Anthony","Antoine"
"#Anthony","Antoinette"
"#Anthony","Anton"
"#Anthony","Antonia"
"#Anthony","Antonie"
"#Anthony","Antonio"
"#Anthony","Antony"
"#Anthony","Antwan"
"#Anthony","Antwon"
"#Anthony","Toni"
"#Anthony","Tony"
"#Anthony","Tonya"
"#Anwar","Anwar"
"#Aphrodite","Aphrodite"
"#Apollo","Apollo"
"#April","Abril"
"#April","April"
"#April","Avril"
"#Aquila","Aquila"
"#Arabella","Arabela"
"#Arabella","Arabella"
"#Araceli","Araceli"
"#Araminta","Araminta"
"#Archer","Archer"
"#Archibald","Arch"
"#Archibald","Archibald"
"#Archibald","Archie"
"#Aretha","Aretha"
"#Argus","Argus"
"#Aria","Aria"
"#Ariadne","Ariadne"
"#Ariadne","Ariana"
"#Ariadne","Ariane"
"#Ariadne","Arianna"
"#Ariel","Ari"
"#Ariel","Ariel"
"#Ariel","Arielle"
"#Aries","Aries"
"#Arletta","Arletta"
"#Armand","Armand"
"#Armand","Armande"
"#Armand","Armando"
"#Armani","Armani"
"#Arnold","Arne"
"#Arnold","Arnie"
"#Arnold","Arnold"
"#Artemis","Artemis"
"#Artemis","Artemus"
"#Arthur","Art"
"#Arthur","Arthur"
"#Arthur","Artie"
"#Arthur","Arturo"
"#Asa","Asa"
"#Ashanti","Ashanti"
"#Asher","Asher"
"#Ashley","Ash"
"#Ashley","Ashely"
"#Ashley","Ashlee"
"#Ashley","Ashleigh"
"#Ashley","Ashley"
"#Ashley","Ashli"
"#Ashley","Ashlie"
"#Ashley","Ashly"
"#Ashley","Ashlyn"
"#Ashley","Ashlynn"
"#Ashley","Ashton"
"#Ashley","Ashtyn"
"#Asia","Asha"
"#Asia","Asia"
"#Aspen","Aspen"
"#Athena","Athena"
"#Audrey","Audra"
"#Audrey","Audrey"
"#Augustine","Agustin"
"#Augustine","August"
"#Augustine","Augusta"
"#Augustine","Augustin"
"#Augustine","Augustine"
"#Augustine","Augustus"
"#Augustine","Austen"
"#Augustine","Austin"
"#Augustine","Austine"
"#Augustine","Austyn"
"#Augustine","Bastien"
"#Augustine","Gus"
"#Aurora","Aurora"
"#Autumn","Autumn"
"#Ava","Ava"
"#Avalon","Avalon"
"#Avery","Avery"
"#Axel","Axel"
"#Axel","Axelle"
"#Ayana","Ayana"
"#Ayana","Ayanna"
"#Ayla","Ayla"
"#Baba","Baba"
"#Baby","Baby"
"#Bailey","Bailee"
"#Bailey","Bailey"
"#Bailey","Baylee"
"#Baird","Baird"
"#Bairn","Bairn"
"#Balthasar","Balthasar"
"#Bambi","Bambi"
"#Barbara","Barb"
"#Barbara","Barbara"
"#Barbara","Barbie"
"#Barbara","Barbra"
"#Barclay","Barclay"
"#Barnabas","Barnabas"
"#Baron","Baron"
"#Barr","Barr"
"#Barrett","Barrett"
"#Barrington","Barrington"
"#Barry","Barry"
"#Bartholomew","Bart"
"#Bartholomew","Bartholemew"
"#Bartholomew","Bartholomew"
"#Bartholomew","Barto"
"#Barton","Barton"
"#Baruch","Baruch"
"#Basil","Basil"
"#Bathsheba","Bathsheba"
"#Bathsheba","Saba"
"#Bathsheba","Sheba"
"#Baxter","Baxter"
"#Bea","Bea"
"#Beata","Beata"
"#Beata","Beate"
"#Beatrice","Beatrice"
"#Beatrice","Beatrix"
"#Beatrice","Beatriz"
"#Beatrice","Trixie"
"#Beau","Beau"
"#Beau","Beauregard"
"#Bebe","Bebe"
"#Beck","Beck"
"#Bela","Bela"
"#Bela","Beyla"
"#Belicia","Belicia"
"#Belle","Bel"
"#Belle","Belinda"
"#Belle","Bell"
"#Belle","Bella"
"#Belle","Belle"
"#Belle","Bellini"
"#Belva","Belva"
"#Benedict","Benecia"
"#Benedict","Benedict"
"#Benedict","Benita"
"#Benedict","Benito"
"#Benedict","Bennett"
"#Benjamin","Ben"
"#Benjamin","Benjamin"
"#Benjamin","Benjy"
"#Benjamin","Benny"
"#Benson","Benson"
"#Berke","Berke"
"#Berke","Birch"
"#Bern","Berenice"
"#Bern","Bern"
"#Bern","Bernice"
"#Bernard","Barnard"
"#Bernard","Barney"
"#Bernard","Barny"
"#Bernard","Bernadette"
"#Bernard","Bernadine"
"#Bernard","Bernard"
"#Bernard","Bernardo"
"#Bernard","Berne"
"#Bernard","Bernie"
"#Bernard","Berny"
"#Bernard","Bjorn"
"#Bernard","Nardo"
"#Beryl","Beryl"
"#Bethany","Bethany"
"#Bethesda","Bethesda"
"#Beulah","Beulah"
"#Bevan","Bevan"
"#Beverly","Beverly"
"#Bidelia","Bidelia"
"#Bingham","Bing"
"#Bingham","Bingham"
"#Bishop","Bishop"
"#Blaine","Blaine"
"#Blair","Blair"
"#Blaise","Blaise"
"#Blake","Blake"
"#Blanche","Bianca"
"#Blanche","Blanca"
"#Blanche","Blanche"
"#Blossom","Blossom"
"#Blythe","Blithe"
"#Blythe","Blythe"
"#Bo","Bo"
"#Boaz","Boaz"
"#Bonaventure","Bonaventure"
"#Bond","Bond"
"#Bonnie","Bona"
"#Bonnie","Boniface"
"#Bonnie","Bonifacy"
"#Bonnie","Bonita"
"#Bonnie","Bonner"
"#Bonnie","Bonnie"
"#Bonnie","Boone"
"#Boris","Boris"
"#Boyd","Boyd"
"#Braden","Braden"
"#Bradford","Bradford"
"#Bradley","Brad"
"#Bradley","Bradley"
"#Bradley","Bradly"
"#Brady","Brady"
"#Brandon","Brandan"
"#Brandon","Branden"
"#Brandon","Brandon"
"#Brandon","Brandyn"
"#Brandon","Brendan"
"#Brandon","Brenden"
"#Brandon","Brendon"
"#Brandon","Brenna"
"#Brandon","Brennan"
"#Brandon","Brennen"
"#Brandon","Brenton"
"#Brandt","Brandt"
"#Brandt","Brant"
"#Brandy","Brandee"
"#Brandy","Brandi"
"#Brandy","Brandie"
"#Brandy","Brandy"
"#Braxton","Braxton"
"#Brayan","Brayan"
"#Braydon","Brayden"
"#Braydon","Braydon"
"#Brea","Brea"
"#Brenda","Brenda"
"#Brent","Brent"
"#Brewster","Brewster"
"#Bria","Bria"
"#Brian","Breana"
"#Brian","Breann"
"#Brian","Breanna"
"#Brian","Breanne"
"#Brian","Bree"
"#Brian","Breonna"
"#Brian","Brian"
"#Brian","Briana"
"#Brian","Brianna"
"#Brian","Brianne"
"#Brian","Bryan"
"#Brian","Bryana"
"#Brian","Bryanna"
"#Brian","Bryant"
"#Brian","Bryon"
"#Bridget","Bridget"
"#Bridget","Bridgette"
"#Bridget","Bridgit"
"#Bridget","Brigette"
"#Bridget","Brigid"
"#Bridget","Brigit"
"#Bridget","Brigitte"
"#Bridget","Brygid"
"#Brielle","Brielle"
"#Brier","Brier"
"#Brigham","Brigham"
"#Brighton","Brighton"
"#Brittany","Bret"
"#Brittany","Brett"
"#Brittany","Brit"
"#Brittany","Britain"
"#Brittany","Britannia"
"#Brittany","Britany"
"#Brittany","Britney"
"#Brittany","Britni"
"#Brittany","Brittani"
"#Brittany","Brittania"
"#Brittany","Brittanie"
"#Brittany","Brittany"
"#Brittany","Brittnee"
"#Brittany","Brittney"
"#Brittany","Brittni"
"#Brock","Brock"
"#Broderick","Broderick"
"#Broderick","Brody"
"#Bronson","Bronson"
"#Bronwen","Bronwen"
"#Bronwen","Bronwyn"
"#Brooke","Brook"
"#Brooke","Brooke"
"#Brooke","Brooks"
"#Brooklyn","Brooklyn"
"#Bruce","Bruce"
"#Bruno","Bruno"
"#Bryce","Brice"
"#Bryce","Bryce"
"#Bryson","Bryson"
"#Burgess","Burgess"
"#Burke","Burke"
"#Burton","Burt"
"#Burton","Burton"
"#Byrd","Byrd"
"#Byron","Byron"
"#Cade","Cade"
"#Cade","Kade"
"#Caden","Caden"
"#Caden","Kaden"
"#Cadence","Cadence"
"#Cady","Cady"
"#Caesar","Caesar"
"#Caesar","Cesar"
"#Cai","Cai"
"#Cai","Cais"
"#Cai","Gaius"
"#Cai","Kay"
"#Cain","Cain"
"#Cain","Caine"
"#Caitlin","Caitlin"
"#Caitlin","Caitlyn"
"#Caitlin","Kaitlin"
"#Caitlin","Kaitlyn"
"#Caitlin","Kaitlynn"
"#Caitlin","Katelin"
"#Caitlin","Katelyn"
"#Caitlin","Katelynn"
"#Caitlin","Katlin"
"#Caitlin","Katlyn"
"#Caitlin","Katlynn"
"#Caleb","Cale"
"#Caleb","Caleb"
"#Caleb","Kaleb"
"#Calla","Calista"
"#Calla","Calla"
"#Calla","Callia"
"#Calla","Callie"
"#Calla","Callista"
"#Calla","Kalista"
"#Calla","Kallie"
"#Calliope","Calliope"
"#Calvin","Calvin"
"#Calvin","Kalvin"
"#Camden","Camden"
"#Camden","Camdyn"
"#Cameron","Cameron"
"#Cameron","Camron"
"#Cameron","Camryn"
"#Cameron","Kameron"
"#Cameron","Kameryn"
"#Camille","Camila"
"#Camille","Camilla"
"#Camille","Camille"
"#Cana","Cana"
"#Candace","Candace"
"#Candace","Candice"
"#Caprice","Caprice"
"#Cara","Cara"
"#Cara","Carina"
"#Cara","Karina"
"#Carmela","Carmela"
"#Carmela","Carmelita"
"#Carmen","Carmen"
"#Carmen","Carmine"
"#Carmen","Kara"
"#Carol","Carol"
"#Carol","Carrie"
"#Caron","Caron"
"#Carson","Carson"
"#Carson","Carsyn"
"#Carter","Carter"
"#Carver","Carver"
"#Casey","Casey"
"#Casey","Kacey"
"#Casey","Kaci"
"#Casey","Kacie"
"#Casey","Kasey"
"#Casey","Kasey"
"#Casey","Kaycee"
"#Casimir","Casimir"
"#Casper","Caspar"
"#Casper","Casper"
"#Casper","Kaspar"
"#Cassandra","Casandra"
"#Cassandra","Cass"
"#Cassandra","Cassandra"
"#Cassandra","Cassie"
"#Cassandra","Kasandra"
"#Cassandra","Kassandra"
"#Cassandra","Kassie"
"#Cassidy","Cassidy"
"#Cassidy","Kassidy"
"#Cassius","Cassius"
"#Cassius","Kaz"
"#Cato","Cato"
"#Cavan","Cavan"
"#Cecil","Cecelia"
"#Cecil","Cecil"
"#Cecil","Cecile"
"#Cecil","Cecilia"
"#Cecil","Cecily"
"#Cecil","Celia"
"#Cecil","Cicely"
"#Cecil","Cicily"
"#Cecil","Cissy"
"#Cecil","Sheila"
"#Cecil","Shiela"
"#Cecil","Sissy"
"#Cedric","Cedric"
"#Ceil","Ceil"
"#Celeste","Celeste"
"#Celeste","Celestine"
"#Ceres","Ceres"
"#Chad","Chad"
"#Chadwick","Chadwick"
"#Chaim","Chaim"
"#Chance","Chance"
"#Chancellor","Chancellor"
"#Chandler","Chandler"
"#Chanel","Chanel"
"#Chantal","Chantal"
"#Chantal","Chantel"
"#Charisma","Charisma"
"#Charisse","Charisse"
"#Charisse","Sherise"
"#Charity","Charity"
"#Charles","Carl"
"#Charles","Carla"
"#Charles","Carlee"
"#Charles","Carlen"
"#Charles","Carley"
"#Charles","Carli"
"#Charles","Carlie"
"#Charles","Carlin"
"#Charles","Carlo"
"#Charles","Carlos"
"#Charles","Carlota"
"#Charles","Carlotta"
"#Charles","Carlton"
"#Charles","Carly"
"#Charles","Carlyn"
"#Charles","Carolena"
"#Charles","Carolina"
"#Charles","Caroline"
"#Charles","Carolos"
"#Charles","Carolyn"
"#Charles","Charlene"
"#Charles","Charles"
"#Charles","Charlie"
"#Charles","Charlot"
"#Charles","Charlotte"
"#Charles","Chas"
"#Charles","Chaz"
"#Charles","Chuck"
"#Charles","Karl"
"#Charles","Karla"
"#Charles","Karlee"
"#Charles","Karley"
"#Charles","Karli"
"#Charles","Karlie"
"#Charles","Karly"
"#Charles","Karlyn"
"#Charles","Sharlene"
"#Charlize","Charlize"
"#Charmaine","Charmaine"
"#Chase","Chase"
"#Chasity","Chasity"
"#Chastity","Chastity"
"#Chauncey","Chauncey"
"#Chaya","Chaya"
"#Chelsea","Chelsa"
"#Chelsea","Chelsea"
"#Chelsea","Chelsey"
"#Chelsea","Chelsi"
"#Chelsea","Chelsia"
"#Chelsea","Chelsie"
"#Cherry","Cerise"
"#Cherry","Cherry"
"#Chester","Chester"
"#Chester","Chet"
"#Cheyenne","Cheyanne"
"#Cheyenne","Cheyenne"
"#Cheyenne","Shyanne"
"#China","China"
"#Chloe","Chloe"
"#Christian","Chris"
"#Christian","Chrissie"
"#Christian","Chrissy"
"#Christian","Christa"
"#Christian","Christabel"
"#Christian","Christen"
"#Christian","Christian"
"#Christian","Christiana"
"#Christian","Christie"
"#Christian","Christin"
"#Christian","Christina"
"#Christian","Christine"
"#Christian","Christoffer"
"#Christian","Christopher"
"#Christian","Christy"
"#Christian","Cristian"
"#Christian","Cristina"
"#Christian","Cristobal"
"#Christian","Cristopher"
"#Christian","Cristy"
"#Christian","Kiersten"
"#Christian","Kirsten"
"#Christian","Kirstie"
"#Christian","Kirstin"
"#Christian","Kris"
"#Christian","Krista"
"#Christian","Kristen"
"#Christian","Kristi"
"#Christian","Kristian"
"#Christian","Kristie"
"#Christian","Kristin"
"#Christian","Kristina"
"#Christian","Kristine"
"#Christian","Kristofer"
"#Christian","Kristopher"
"#Christian","Kristy"
"#Christian","Kristyn"
"#Christian","Krysta"
"#Christian","Krystyn"
"#Cicero","Cicero"
"#Claire","Claire"
"#Claire","Clara"
"#Claire","Clare"
"#Claire","Clarence"
"#Claire","Clarice"
"#Clarissa","Clarissa"
"#Clark","Clark"
"#Clark","Clarke"
"#Claude","Claude"
"#Claude","Claudette"
"#Claude","Claudia"
"#Claude","Gladys"
"#Clay","Clay"
"#Clay","Clayton"
"#Clement","Clem"
"#Clement","Clemens"
"#Clement","Clement"
"#Clement","Clementine"
"#Cleo","Cleo"
"#Cleo","Cleopatra"
"#Cleo","Clio"
"#Cleveland","Cleveland"
"#Clifford","Cliff"
"#Clifford","Clifford"
"#Clifford","Clifton"
"#Clinton","Clint"
"#Clinton","Clinton"
"#Clive","Clive"
"#Cloris","Chloris"
"#Cloris","Cloris"
"#Clyde","Clyde"
"#Cody","Codey"
"#Cody","Codie"
"#Cody","Cody"
"#Cody","Kody"
"#Colby","Colby"
"#Colby","Kolby"
"#Colin","Colin"
"#Colin","Collin"
"#Colleen","Colleen"
"#Collier","Collier"
"#Colm","Colm"
"#Colman","Coleman"
"#Colman","Colman"
"#Colt","Colt"
"#Colton","Colten"
"#Colton","Colton"
"#Colton","Kolton"
"#Conan","Conan"
"#Conan","Conner"
"#Conan","Conroy"
"#Conlan","Conlan"
"#Conlan","Conley"
"#Conlan","Connley"
"#Connor","Connor"
"#Connor","Conor"
"#Conrad","Conrad"
"#Constance","Connie"
"#Constance","Constance"
"#Constance","Constantine"
"#Consuelo","Consuela"
"#Consuelo","Consuelo"
"#Conway","Conway"
"#Cooper","Cooper"
"#Coral","Coral"
"#Corbett","Corbett"
"#Corbett","Corbin"
"#Corbett","Korbin"
"#Cordelia","Cordelia"
"#Cordell","Cordell"
"#Cordell","Kordell"
"#Corey","Corey"
"#Corey","Cori"
"#Corey","Cory"
"#Corey","Korey"
"#Corey","Kori"
"#Corinne","Cora"
"#Corinne","Corina"
"#Corinne","Corine"
"#Corinne","Corinna"
"#Corinne","Corinne"
"#Cornelius","Cornelia"
"#Cornelius","Cornelius"
"#Cornelius","Cornell"
"#Cort","Cort"
"#Cort","Kort"
"#Cortez","Cortez"
"#Corye","Kory"
"#Cosmo","Cosmo"
"#Coty","Coty"
"#Courtney","Cortney"
"#Courtney","Courtney"
"#Courtney","Kortney"
"#Courtney","Kourtney"
"#Coy","Coy"
"#Craig","Craig"
"#Creighton","Creighton"
"#Cricket","Cicada"
"#Cricket","Cricket"
"#Crispin","Crispin"
"#Cruz","Cruz"
"#Crystal","Cristal"
"#Crystal","Crystal"
"#Crystal","Kristal"
"#Crystal","Krystal"
"#Curtis","Curt"
"#Curtis","Curtis"
"#Curtis","Kurt"
"#Curtis","Kurtis"
"#Cuthbert","Cuthbert"
"#Cutler","Cutler"
"#Cutter","Cutter"
"#Cyd","Cyd"
"#Cynthia","Cindy"
"#Cynthia","Cyndi"
"#Cynthia","Cynthia"
"#Cyril","Cy"
"#Cyril","Cyril"
"#Cyrus","Cyrus"
"#Dagmar","Dagmar"
"#Dahlia","Dahlia"
"#Daisy","Daisy"
"#Dakota","Dakota"
"#Dakota","Dakotah"
"#Dale","Dale"
"#Dalia","Dalia"
"#Dallas","Dallas"
"#Dallin","Dallin"
"#Dalton","Dalton"
"#Damaris","Damaris"
"#Damian","Damian"
"#Damian","Damien"
"#Damian","Damion"
"#Damita","Damita"
"#Damon","Damon"
"#Dana","Dana"
"#Dana","Danae"
"#Dana","Dane"
"#Dana","Dayna"
"#Dandre","Dandre"
"#Dandre","Deandre"
"#Dangelo","Dangelo"
"#Daniel","Dan"
"#Daniel","Danelle"
"#Daniel","Daniel"
"#Daniel","Daniela"
"#Daniel","Daniella"
"#Daniel","Danielle"
"#Daniel","Dannon"
"#Daniel","Danny"
"#Daniel","Danyl"
"#Danika","Danica"
"#Danika","Danika"
"#Dante","Dante"
"#Dante","Danton"
"#Daphne","Daphne"
"#Daquan","Daquan"
"#Dara","Dara"
"#Darby","Darby"
"#Darcy","Darcie"
"#Darcy","Darcy"
"#Darian","Darian"
"#Darian","Darien"
"#Darian","Darion"
"#Darian","Darrian"
"#Darian","Darrien"
"#Darian","Darrion"
"#Darius","Dario"
"#Darius","Darius"
"#Darius","Darrius"
"#Darnell","Darnell"
"#Darren","Darin"
"#Darren","Daron"
"#Darren","Darren"
"#Darren","Darrin"
"#Darwin","Darwin"
"#Daryl","Darla"
"#Daryl","Darlene"
"#Daryl","Darrell"
"#Daryl","Darryl"
"#Daryl","Daryl"
"#Dashawn","Dashawn"
"#David","Dave"
"#David","David"
"#David","Davida"
"#David","Dewey"
"#David","Tab"
"#Davin","Davin"
"#Davin","Davon"
"#Davion","Davion"
"#Davis","Davis"
"#Davonte","Davonte"
"#Dawson","Dawson"
"#Dayton","Dayton"
"#Dean","Dean"
"#Dean","Deana"
"#Dean","Deena"
"#Dean","Dena"
"#Dean","Dina"
"#Dean","Dinah"
"#Deangelo","Deangelo"
"#Deborah","Debbie"
"#Deborah","Debby"
"#Deborah","Deborah"
"#Deborah","Debra"
"#Declan","Declan"
"#Deepak","Deepak"
"#Deja","Deja"
"#Dejuan","Dejuan"
"#Delaney","Delaney"
"#Delano","Delano"
"#Delbert","Delbert"
"#Delia","Delia"
"#Delilah","Delilah"
"#Della","Della"
"#Delta","Delta"
"#Demarco","Demarco"
"#Demarcus","Demarcus"
"#Demario","Demario"
"#Demetrius","Demi"
"#Demetrius","Dimitri"
"#Demitrius","Demetra"
"#Demitrius","Demetria"
"#Demitrius","Demetrius"
"#Demitrius","Demitrius"
"#Demitrius","Dmitri"
"#Dennis","Denis"
"#Dennis","Denise"
"#Dennis","Dennis"
"#Denver","Denver"
"#Denzel","Denzel"
"#Deondre","Deondre"
"#Deonte","Deonte"
"#Dequan","Dequan"
"#Derby","Derby"
"#Derica","Derica"
"#Derry","Derry"
"#Deshaun","Deshaun"
"#Deshawn","Deshawn"
"#Desiree","Desirae"
"#Desiree","Desiree"
"#Desmond","Desmond"
"#Destiny","Destin"
"#Destiny","Destinee"
"#Destiny","Destiney"
"#Destiny","Destini"
"#Destiny","Destiny"
"#Devante","Devante"
"#Devon","Devan"
"#Devon","Deven"
"#Devon","Devin"
"#Devon","Devon"
"#Devon","Devyn"
"#Devon","Devyn"
"#Devonta","Devonta"
"#Devonte","Devontae"
"#Devonte","Devonte"
"#Dexter","Dex"
"#Dexter","Dexter"
"#Dexter","Dextra"
"#Diamond","Diamond"
"#Diana","Dawn"
"#Diana","Deandra"
"#Diana","Deanna"
"#Diana","Deanne"
"#Diana","Diana"
"#Diana","Diane"
"#Diana","Dianna"
"#Diana","Dianne"
"#Diana","Dionne"
"#Diana","Dyan"
"#Diana","Dyanne"
"#Didier","Desi"
"#Didier","Desiderio"
"#Didier","Didier"
"#Diedrick","Didrika"
"#Diedrick","Diedrick"
"#Diedrick","Dieter"
"#Dierdre","Deidra"
"#Dierdre","Deirdra"
"#Dierdre","Deirdre"
"#Dierdre","Dierdra"
"#Dillion","Dillion"
"#Dinesh","Dinesh"
"#Dion","Deion"
"#Dion","Deon"
"#Dion","Dian"
"#Dion","Dion"
"#Dion","Dionysius"
"#Dion","Dionysus"
"#Dionte","Dionte"
"#Dixon","Dixon"
"#Dolly","Dolly"
"#Dolores","Delores"
"#Dolores","Dolores"
"#Dominic","Domenic"
"#Dominic","Dominic"
"#Dominic","Dominica"
"#Dominic","Dominick"
"#Dominic","Dominique"
"#Dominic","Dominque"
"#Dominic","Dominque"
"#Dominic","Domonique"
"#Donald","Don"
"#Donald","Donal"
"#Donald","Donald"
"#Donald","Donnie"
"#Donald","Donny"
"#Donna","Donna"
"#Donnell","Donnell"
"#Donnica","Donnica"
"#Donovan","Donavan"
"#Donovan","Donovan"
"#Donta","Dontae"
"#Donte","Donte"
"#Dorcas","Dorcas"
"#Doreen","Doreen"
"#Dori","Dora"
"#Dori","Dori"
"#Dori","Pandora"
"#Dorian","Doria"
"#Dorian","Dorian"
"#Doris","Dorie"
"#Doris","Doris"
"#Doris","Dorit"
"#Dorothy","Dorothea"
"#Dorothy","Dorothy"
"#Dorothy","Dot"
"#Dorothy","Dotty"
"#Dorothy","Thea"
"#Douglas","Doug"
"#Douglas","Dougal"
"#Douglas","Douglas"
"#Douglas","Douglass"
"#Doyle","Doyle"
"#Drake","Drake"
"#Dudley","Dudley"
"#Duke","Duke"
"#Dulce","Dulce"
"#Duncan","Duncan"
"#Dunn","Dunn"
"#Dunn","Dunne"
"#Dustin","Dustin"
"#Dustin","Dusty"
"#Dwight","Dwight"
"#Dylan","Dillan"
"#Dylan","Dillon"
"#Dylan","Dylan"
"#Dylan","Dylon"
"#Earl","Arlen"
"#Earl","Arlene"
"#Earl","Earl"
"#Earl","Earlene"
"#Early","Early"
"#Eavan","Eavan"
"#Ebony","Eboni"
"#Ebony","Ebony"
"#Eden","Eden"
"#Edgar","Edgar"
"#Edgar","Edgardo"
"#Edison","Edison"
"#Edith","Edie"
"#Edith","Edita"
"#Edith","Edith"
"#Edith","Edythe"
"#Edith","Eydie"
"#Edna","Edna"
"#Edward","Eamon"
"#Edward","Ed"
"#Edward","Eddie"
"#Edward","Eddy"
"#Edward","Edmund"
"#Edward","Eduardo"
"#Edward","Edward"
"#Edwin","Edwin"
"#Edwin","Edwina"
"#Elaine","Aileen"
"#Elaine","Eileen"
"#Elaine","Elaina"
"#Elaine","Elaine"
"#Elaine","Elana"
"#Elaine","Eleanor"
"#Elaine","Elena"
"#Elaine","Elie"
"#Elaine","Ellen"
"#Elaine","Ellie"
"#Elaine","Evelina"
"#Elaine","Helen"
"#Elaine","Helena"
"#Elaine","Helene"
"#Elaine","Lenore"
"#Elaine","Leonora"
"#Elaine","Nellie"
"#Elaine","Nellis"
"#Elaine","Nora"
"#Elaine","Norah"
"#Elaine","Noreen"
"#Elaine","Norina"
"#Elaine","Yelena"
"#Eliana","Eliana"
"#Elijah","Eli"
"#Elijah","Elias"
"#Elijah","Elijah"
"#Elijah","Eliot"
"#Elijah","Elliot"
"#Elijah","Elliott"
"#Elijah","Ellis"
"#Elijah","Ilya"
"#Elizabeth","Babette"
"#Elizabeth","Bess"
"#Elizabeth","Bessie"
"#Elizabeth","Beth"
"#Elizabeth","Bethan"
"#Elizabeth","Betsy"
"#Elizabeth","Bette"
"#Elizabeth","Bettina"
"#Elizabeth","Betty"
"#Elizabeth","Elisa"
"#Elizabeth","Elisabeth"
"#Elizabeth","Elise"
"#Elizabeth","Eliza"
"#Elizabeth","Elizabeth"
"#Elizabeth","Elsa"
"#Elizabeth","Elsie"
"#Elizabeth","Elspeth"
"#Elizabeth","Elyse"
"#Elizabeth","Ilse"
"#Elizabeth","Isabel"
"#Elizabeth","Isabella"
"#Elizabeth","Isabelle"
"#Elizabeth","Libba"
"#Elizabeth","Libby"
"#Elizabeth","Lis"
"#Elizabeth","Lisa"
"#Elizabeth","Lisabeth"
"#Elizabeth","Lisbet"
"#Elizabeth","Lise"
"#Elizabeth","Lisette"
"#Elizabeth","Liz"
"#Elizabeth","Liza"
"#Elizabeth","Lizbeth"
"#Elizabeth","Lizeth"
"#Elizabeth","Lizette"
"#Elizabeth","Lysa"
"#Elle","Ella"
"#Elle","Elle"
"#Ellison","Ellison"
"#Elmer","Elmer"
"#Elton","Alton"
"#Elton","Elden"
"#Elton","Eldon"
"#Elton","Elton"
"#Elvin","Elvin"
"#Elvira","Elvira"
"#Elvis","Elvis"
"#Emanuel","Emanuel"
"#Emanuel","Emanuele"
"#Emanuel","Emmanuel"
"#Emanuel","Manny"
"#Emanuel","Manuel"
"#Emanuel","Manuela"
"#Emerald","Emerald"
"#Emerson","Emerson"
"#Emil","Emil"
"#Emil","Emilee"
"#Emil","Emilia"
"#Emil","Emilie"
"#Emil","Emilio"
"#Emil","Emily"
"#Emil","Emmly"
"#Emil","Emmy"
"#Emmaline","Emmaline"
"#Emmett","Emmet"
"#Emmett","Emmett"
"#Emory","Emery"
"#Emory","Emory"
"#Enid","Enid"
"#Enoch","Enoch"
"#Enya","Enya"
"#Ephraim","Efrain"
"#Ephraim","Efrem"
"#Ephraim","Efren"
"#Ephraim","Ephraim"
"#Erasmus","Erasmus"
"#Erik","Alaric"
"#Erik","Aric"
"#Erik","Eric"
"#Erik","Erica"
"#Erik","Erich"
"#Erik","Erick"
"#Erik","Ericka"
"#Erik","Erik"
"#Erik","Erika"
"#Erin","Erin"
"#Ernest","Earnest"
"#Ernest","Erna"
"#Ernest","Ernest"
"#Ernest","Ernestine"
"#Ernest","Ernesto"
"#Ernest","Ernie"
"#Eros","Eros"
"#Errol","Errol"
"#Ervin","Ervin"
"#Ervin","Irvin"
"#Esmerelda","Esme"
"#Esmerelda","Esmeralda"
"#Esmerelda","Esmerelda"
"#Esperanza","Esperanza"
"#Essence","Essence"
"#Ethan","Ethan"
"#Ethel","Ethel"
"#Eudora","Eudora"
"#Eugene","Eugene"
"#Eugene","Eugenia"
"#Eugene","Gene"
"#Eugene","Owen"
"#Eulalie","Eulalia"
"#Eulalie","Eulalie"
"#Eunice","Eunice"
"#Evangeline","Evangeline"
"#Eve","Eva"
"#Eve","Eve"
"#Eve","Evette"
"#Eve","Evie"
"#Eve","Evita"
"#Evelyn","Evelyn"
"#Everett","Everett"
"#Everly","Everley"
"#Everly","Everly"
"#Ewan","Ewan"
"#Eyal","Eyal"
"#Ezekiel","Ezekiel"
"#Ezekiel","Ezequiel"
"#Ezekiel","Zeke"
"#Ezra","Ezra"
"#Fabian","Fabian"
"#Fabian","Fabiana"
"#Fabian","Fabiano"
"#Fabian","Fabienne"
"#Fabian","Fabio"
"#Fabiola","Fabiola"
"#Fabrizio","Fabrizio"
"#Faith","Faith"
"#Farley","Farley"
"#Farrah","Farrah"
"#Fatima","Fatima"
"#Fausto","Fausta"
"#Fausto","Faustine"
"#Fausto","Fausto"
"#Fawn","Fawn"
"#Faye","Fay"
"#Faye","Faye"
"#Felicia","Felice"
"#Felicia","Felicia"
"#Felicia","Felicity"
"#Felicia","Felix"
"#Felicia","Phylicia"
"#Felton","Felton"
"#Feo","Feo"
"#Ferdinand","Ferdinand"
"#Ferdinand","Hernan"
"#Ferdinand","Hernando"
"#Fergus","Fergus"
"#Ferguson","Ferguson"
"#Fern","Fern"
"#Fernando","Fernando"
"#Ferris","Ferris"
"#Fidel","Fidel"
"#Fidel","Fidelia"
"#Fidel","Fidelio"
"#Fidel","Fidella"
"#Fifi","Fifi"
"#Filbert","Filbert"
"#Finlay","Findlay"
"#Finlay","Finlay"
"#Finn","Finn"
"#Fiona","Finley"
"#Fiona","Fiona"
"#Fiona","Fionn"
"#Flannery","Flannery"
"#Fletcher","Fletcher"
"#Flora","Fiorella"
"#Flora","Fiorello"
"#Flora","Flo"
"#Flora","Flora"
"#Flora","Florence"
"#Flora","Florida"
"#Flora","Florrie"
"#Flora","Flower"
"#Floyd","Floyd"
"#Flynn","Flynn"
"#Forbes","Forbes"
"#Ford","Ford"
"#Forrest","Forest"
"#Forrest","Forrest"
"#Forrest","Forrester"
"#Forrest","Forster"
"#Forrest","Foster"
"#Fountain","Fountain"
"#Francisco","Chico"
"#Francisco","Fran"
"#Francisco","Frances"
"#Francisco","Francesca"
"#Francisco","Francesco"
"#Francisco","Franchesca"
"#Francisco","Francheska"
"#Francisco","Francine"
"#Francisco","Francis"
"#Francisco","Francisco"
"#Francisco","Francois"
"#Francisco","Frank"
"#Francisco","Frankie"
"#Francisco","Franklin"
"#Francisco","Franz"
"#Francisco","Paco"
"#Frasier","Frasier"
"#Frederick","Federico"
"#Frederick","Feleti"
"#Frederick","Fred"
"#Frederick","Freddie"
"#Frederick","Freddy"
"#Frederick","Frederica"
"#Frederick","Frederick"
"#Frederick","Fredrica"
"#Frederick","Fredrick"
"#Frederick","Fredricka"
"#Frederick","Fredy"
"#Frederick","Freida"
"#Frederick","Frieda"
"#Frederick","Fritz"
"#Frederick","Fritzi"
"#Frederick","Rico"
"#Freeman","Freeman"
"#Freja","Freja"
"#Freja","Freya"
"#French","French"
"#Gabriel","Gabby"
"#Gabriel","Gabe"
"#Gabriel","Gabi"
"#Gabriel","Gabriel"
"#Gabriel","Gabriela"
"#Gabriel","Gabriella"
"#Gabriel","Gabrielle"
"#Gabriel","Gaby"
"#Gael","Gael"
"#Gaetan","Gaetan"
"#Gaetan","Gaetana"
"#Gaetan","Gaetane"
"#Gaetan","Gaetano"
"#Gage","Gage"
"#Galahad","Galahad"
"#Galen","Galen"
"#Galeno","Galeno"
"#Gallagher","Gallagher"
"#Gamal","Gamal"
"#Gannon","Gannon"
"#Gardner","Gardner"
"#Gareth","Gareth"
"#Garfield","Garfield"
"#Garrison","Garrison"
"#Garson","Garson"
"#Garth","Garth"
"#Gary","Garett"
"#Gary","Garret"
"#Gary","Garrett"
"#Gary","Garrick"
"#Gary","Garry"
"#Gary","Gary"
"#Gaston","Gaston"
"#Gates","Gates"
"#Gates","Yates"
"#Gautier","Gautier"
"#Gavin","Gavan"
"#Gavin","Gavin"
"#Gay","Gay"
"#Gay","Gaye"
"#Gelsey","Gelsey"
"#Gemma","Gemma"
"#Genaro","Genaro"
"#Genesis","Genesis"
"#Geneva","Geneva"
"#Geneva","Juniper"
"#Geordi","Geordi"
"#George","George"
"#George","Georgette"
"#George","Georgia"
"#George","Georgiana"
"#George","Georgina"
"#George","Giorgio"
"#George","Jorge"
"#George","Yorick"
"#Gerald","Gerald"
"#Gerald","Geraldene"
"#Gerald","Geraldine"
"#Gerald","Geraldo"
"#Gerald","Geri"
"#Gerald","Gerry"
"#Gerald","Jerald"
"#Gerald","Jeri"
"#Gerald","Jerold"
"#Gerard","Gerard"
"#Gerard","Gerardo"
"#Germain","Germain"
"#Germain","Germaine"
"#Germain","German"
"#Germain","Jermaine"
"#Gershom","Gershom"
"#Gertrude","Gertrude"
"#Gertrude","Trude"
"#Gertrude","Trudy"
"#Giancarlo","Giancarlo"
"#Gibson","Gibson"
"#Gideon","Gideon"
"#Gigi","Gigi"
"#Gil","Gil"
"#Gil","Gili"
"#Gilbert","Gilbert"
"#Gilbert","Gilberto"
"#Gilbert","Wilbur"
"#Gilead","Gilead"
"#Giles","Giles"
"#Gillespie","Gillespie"
"#Gilmore","Gilmore"
"#Gina","Gina"
"#Ginger","Ginger"
"#Gino","Gino"
"#Giselle","Gisela"
"#Giselle","Giselle"
"#Giselle","Gizela"
"#Glen","Glen"
"#Glen","Glenn"
"#Glen","Glenna"
"#Glen","Glennis"
"#Glen","Glenys"
"#Glen","Glynis"
"#Glen","Glynn"
"#Glen","Glynnis"
"#Glenda","Glenda"
"#Gloria","Gloria"
"#Golda","Gilda"
"#Golda","Golda"
"#Golda","Goldie"
"#Golda","Goldy"
"#Gomer","Gomer"
"#Gonzalo","Gonzalo"
"#Gordon","Gordon"
"#Gordon","Gordy"
"#Grace","Grace"
"#Grace","Gracie"
"#Grace","Graciela"
"#Grady","Grady"
"#Graham","Graham"
"#Grant","Grant"
"#Granville","Granville"
"#Grayson","Grayson"
"#Greer","Greer"
"#Gregory","Greg"
"#Gregory","Gregg"
"#Gregory","Gregorio"
"#Gregory","Gregory"
"#Gregory","Krikor"
"#Griffin","Griffin"
"#Griffin","Griffith"
"#Griffin","Gryphon"
"#Griselda","Griselda"
"#Griselda","Grizelda"
"#Grover","Grover"
"#Guadalupe","Guadalupe"
"#Guadalupe","Lupe"
"#Guadalupe","Lupita"
"#Gudrun","Gudrun"
"#Guido","Guido"
"#Gunnar","Gunnar"
"#Gunnar","Gunner"
"#Gunther","Gunther"
"#Guthrie","Guthrie"
"#Guy","Guy"
"#Gwyneth","Gwyneth"
"#Habib","Habib"
"#Hadassah","Hadassah"
"#Hadley","Hadley"
"#Haines","Haines"
"#Haines","Hayes"
"#Hal","Hal"
"#Halden","Halden"
"#Hall","Hall"
"#Hamilton","Hamilton"
"#Hamlin","Hamlin"
"#Hampton","Hampton"
"#Hannan","Hannan"
"#Hannibal","Hannibal"
"#Happy","Happy"
"#Hardy","Hardy"
"#Harlan","Harlan"
"#Harley","Harley"
"#Harlow","Harlow"
"#Harmon","Harmon"
"#Harmony","Harmony"
"#Harold","Harold"
"#Harold","Harriet"
"#Harold","Harry"
"#Harold","Harvey"
"#Harold","Herve"
"#Harper","Harper"
"#Harrison","Harris"
"#Harrison","Harrison"
"#Harrison","Parry"
"#Harsha","Harsha"
"#Hart","Hart"
"#Hartwell","Hartwell"
"#Hassan","Hassan"
"#Hayden","Hayden"
"#Hayley","Hailee"
"#Hayley","Hailey"
"#Hayley","Haleigh"
"#Hayley","Haley"
"#Hayley","Hali"
"#Hayley","Halie"
"#Hayley","Halle"
"#Hayley","Hallie"
"#Hayley","Haylee"
"#Hayley","Hayley"
"#Hayley","Haylie"
"#Hayward","Hayward"
"#Hazel","Hazel"
"#Heath","Heath"
"#Heather","Heather"
"#Heaven","Heaven"
"#Hector","Hector"
"#Hedda","Edda"
"#Hedda","Hedda"
"#Hedda","Hedwig"
"#Helga","Helga"
"#Heloise","Heloise"
"#Henry","Enrico"
"#Henry","Enrique"
"#Henry","Etta"
"#Henry","Hank"
"#Henry","Heinz"
"#Henry","Henri"
"#Henry","Henrietta"
"#Henry","Henriette"
"#Henry","Henrik"
"#Henry","Henry"
"#Henry","Yetta"
"#Henry","Yettie"
"#Henry","Yetty"
"#Herbert","Herb"
"#Herbert","Herbert"
"#Herbert","Heriberto"
"#Hercules","Hercules"
"#Herman","Herman"
"#Hermione","Hermione"
"#Herschel","Herschel"
"#Hertz","Hertz"
"#Hesper","Hesper"
"#Hewitt","Hewitt"
"#Hidalgo","Hidalgo"
"#Hilary","Hilaire"
"#Hilary","Hilary"
"#Hilary","Hillary"
"#Hilary","Lacie"
"#Hilary","Lacy"
"#Hilary","Lara"
"#Hilary","Larissa"
"#Hilda","Hilda"
"#Hilda","Hilde"
"#Hilliard","Hilliard"
"#Holden","Holden"
"#Holland","Holland"
"#Hollis","Hollace"
"#Hollis","Hollis"
"#Holly","Holli"
"#Holly","Hollie"
"#Holly","Holly"
"#Holly","Hollye"
"#Homer","Homer"
"#Honor","Honor"
"#Honor","Honora"
"#Honor","Honoria"
"#Hope","Hope"
"#Horace","Horace"
"#Hortense","Hortense"
"#Hosea","Hosea"
"#Houston","Houston"
"#Howard","Howard"
"#Howard","Howe"
"#Howard","Howie"
"#Howell","Howell"
"#Hubert","Hubert"
"#Hubert","Humberto"
"#Hubert","Umberto"
"#Hudson","Hudson"
"#Hugh","Huey"
"#Hugh","Hugh"
"#Hugh","Hugo"
"#Hugh","Ugo"
"#Humphrey","Humphrey"
"#Hunter","Hunter"
"#Hyacinth","Hyacinth"
"#Hypatia","Hypatia"
"#Ichabod","Ichabod"
"#Ida","Ida"
"#Iesha","Iesha"
"#Ignacio","Ignacio"
"#Ignatius","Ignatius"
"#Ilana","Ilana"
"#Iliana","Iliana"
"#Imani","Imani"
"#Imogene","Imogen"
"#Imogene","Imogene"
"#Ina","Ina"
"#India","India"
"#Indira","Indira"
"#Inez","Inez"
"#Inge","Inga"
"#Inge","Inge"
"#Ingrid","Ingrid"
"#Inigo","Inigo"
"#Inigo","Iniko"
"#Ira","Ira"
"#Irene","Irene"
"#Irene","Irina"
"#Iris","Iris"
"#Irma","Emma"
"#Irma","Erma"
"#Irma","Irma"
"#Irving","Irving"
"#Isaac","Ike"
"#Isaac","Isaac"
"#Isaac","Issac"
"#Isaac","Izzy"
"#Isaiah","Isai"
"#Isaiah","Isaiah"
"#Isaiah","Isaias"
"#Isaiah","Isiah"
"#Isamar","Isamar"
"#Isidora","Isadora"
"#Isidora","Isidora"
"#Isidora","Isidro"
"#Ismael","Ismael"
"#Isolde","Isolde"
"#Israel","Israel"
"#Itzel","Itzel"
"#Ivy","Ivy"
"#Jabari","Jabari"
"#Jace","Jace"
"#Jackson","Jackson"
"#Jaclyn","Jackie"
"#Jaclyn","Jacklyn"
"#Jaclyn","Jaclyn"
"#Jaclyn","Jacqueline"
"#Jaclyn","Jacquelyn"
"#Jaclyn","Jacqui"
"#Jaclyn","Jaqueline"
"#Jada","Jada"
"#Jade","Jade"
"#Jaden","Jaden"
"#Jaden","Jadon"
"#Jaden","Jadyn"
"#Jaden","Jayden"
"#Jael","Jael"
"#Jaimie","Jaimie"
"#Jaimie","Jaimin"
"#Jairo","Jairo"
"#Jaleel","Jaleel"
"#Jalen","Jalen"
"#Jalisa","Jalisa"
"#Jamaal","Jamaal"
"#Jamar","Jamal"
"#Jamar","Jamar"
"#Jamarcus","Jamarcus"
"#Jamel","Jamel"
"#James","Coby"
"#James","Diego"
"#James","Giacomo"
"#James","Jacob"
"#James","Jacoba"
"#James","Jacoby"
"#James","Jacques"
"#James","Jaime"
"#James","Jake"
"#James","Jakob"
"#James","James"
"#James","Jamese"
"#James","Jamie"
"#James","Jayme"
"#James","Jim"
"#James","Jimbo"
"#James","Jimmie"
"#James","Jimmy"
"#James","Jocelin"
"#James","Kimo"
"#James","Kobe"
"#James","Koby"
"#James","Seamus"
"#James","Shamus"
"#James","Xanti"
"#James","Yakov"
"#Jameson","Jameson"
"#Jami","Jami"
"#Jamil","Jamil"
"#Jamil","Jamila"
"#Jamison","Jamison"
"#Janae","Janae"
"#Janay","Janay"
"#Janessa","Janessa"
"#Japheth","Japheth"
"#Jaquan","Jaquan"
"#Jared","Jared"
"#Jared","Jarod"
"#Jared","Jarred"
"#Jared","Jarrett"
"#Jared","Jarrod"
"#Jared","Jered"
"#Jared","Jerod"
"#Jared","Jerrod"
"#Jaren","Jaren"
"#Jaren","Jaron"
"#Jarvis","Jarvis"
"#Jasmine","Jasmin"
"#Jasmine","Jasmine"
"#Jasmine","Jazmin"
"#Jasmine","Jazmine"
"#Jasmine","Jazmyn"
"#Jasmine","Jessamine"
"#Jasmine","Yasmeen"
"#Jasmine","Yasmin"
"#Jasmine","Yasmine"
"#Jasmine","Yazmin"
"#Jason","Jason"
"#Jason","Jayson"
"#Jasper","Jasper"
"#Javier","Javier"
"#Javier","Xavier"
"#Javier","Xaviera"
"#Javier","Xaviere"
"#Javon","Javon"
"#Javon","Javonte"
"#Jay","J"
"#Jay","Jay"
"#Jayla","Jayla"
"#Jaylin","Jaylen"
"#Jaylin","Jaylin"
"#Jaylin","Jaylon"
"#Jebediah","Jeb"
"#Jebediah","Jebediah"
"#Jed","Jed"
"#Jed","Jedidiah"
"#Jefferson","Jefferson"
"#Jeffery","Garvey"
"#Jeffery","Geoff"
"#Jeffery","Geoffrey"
"#Jeffery","Jeff"
"#Jeffery","Jeffery"
"#Jeffery","Jeffrey"
"#Jemima","Jemima"
"#Jemima","Jemma"
"#Jemima","Jonah"
"#Jena","Jena"
"#Jenna","Jenna"
"#Jennifer","Genevieve"
"#Jennifer","Guinivere"
"#Jennifer","Jen"
"#Jennifer","Jenifer"
"#Jennifer","Jenn"
"#Jennifer","Jennie"
"#Jennifer","Jennifer"
"#Jennifer","Jenny"
"#Jeremiah","Jeremiah"
"#Jeremy","Jeremy"
"#Jerome","Jerom"
"#Jerome","Jerome"
"#Jerome","Jerry"
"#Jerrell","Jerrell"
"#Jerrica","Jerrica"
"#Jerrick","Jericho"
"#Jerrick","Jerrick"
"#Jessa","Jessa"
"#Jesse","Jesse"
"#Jesse","Jessi"
"#Jesse","Jessy"
"#Jessenia","Jessenia"
"#Jessica","Jess"
"#Jessica","Jessica"
"#Jessica","Jessie"
"#Jessica","Jessika"
"#Jethro","Jethro"
"#Jezebel","Jezebel"
"#Jill","Jill"
"#Joachim","Joachim"
"#Joachim","Joaquin"
"#Joana","Joana"
"#Job","Job"
"#Jocelyn","Jocelyn"
"#Jocelyn","Joselyn"
"#Joel","Joel"
"#Joelle","Joelle"
"#John","Eliseo"
"#John","Elisha"
"#John","Evan"
"#John","Gianna"
"#John","Giovanna"
"#John","Giovanni"
"#John","Giovanny"
"#John","Hans"
"#John","Hansel"
"#John","Iain"
"#John","Ian"
"#John","Ivan"
"#John","Ivana"
"#John","Jack"
"#John","Jan"
"#John","Jana"
"#John","Jane"
"#John","Janelle"
"#John","Janet"
"#John","Janette"
"#John","Janice"
"#John","Janie"
"#John","Janina"
"#John","Janine"
"#John","Janna"
"#John","Jean"
"#John","Jeanette"
"#John","Jeanine"
"#John","Jeanne"
"#John","Jens"
"#John","Jensen"
"#John","Joan"
"#John","Joann"
"#John","Joanna"
"#John","Joanne"
"#John","Jock"
"#John","Jodi"
"#John","Johanna"
"#John","John"
"#John","Johnna"
"#John","Johnnie"
"#John","Johnny"
"#John","Jon"
"#John","Jonny"
"#John","Jovan"
"#John","Jovanny"
"#John","Jovany"
"#John","Juan"
"#John","Juana"
"#John","Juanita"
"#John","Sean"
"#John","Seanna"
"#John","Shana"
"#John","Shane"
"#John","Shannen"
"#John","Shaun"
"#John","Shauna"
"#John","Shaunna"
"#John","Shawn"
"#John","Shawna"
"#John","Shayne"
"#John","Sheena"
"#John","Shona"
"#John","Sian"
"#John","Sine"
"#John","Sinead"
"#John","Siobhan"
"#John","Zane"
"#Johnson","Johnson"
"#Jolene","Jolene"
"#Jomar","Jomar"
"#Jonas","Jonas"
"#Jonathan","Johnathan"
"#Jonathan","Johnathon"
"#Jonathan","Jonatan"
"#Jonathan","Jonathan"
"#Jonathan","Jonathon"
"#Jonathan","Nat"
"#Jonathan","Nate"
"#Jonathan","Nathan"
"#Jonathan","Nathanael"
"#Jonathan","Nathanial"
"#Jonathan","Nathaniel"
"#Jonathan","Nigel"
"#Jordan","Jordan"
"#Jordan","Jordana"
"#Jordan","Jorden"
"#Jordan","Jordon"
"#Jordan","Jordyn"
"#Jory","Jory"
"#Joseph","Giuseppe"
"#Joseph","Jo"
"#Joseph","Jodie"
"#Joseph","Jody"
"#Joseph","Joe"
"#Joseph","Joey"
"#Joseph","Jose"
"#Joseph","Josef"
"#Joseph","Joseph"
"#Joseph","Josepha"
"#Joseph","Josephine"
"#Joseph","Josie"
"#Joseph","Yosef"
"#Joseph","Yosefu"
"#Josette","Josette"
"#Joshua","Jesus"
"#Joshua","Josh"
"#Joshua","Joshua"
"#Joshua","Joshwa"
"#Joshua","Josue"
"#Josiah","Josiah"
"#Joy","Joy"
"#Joy","Joyce"
"#Jubal","Jubal"
"#Judah","Judah"
"#Judah","Judd"
"#Judah","Jude"
"#Judah","Judith"
"#Judah","Judy"
"#Judah","Yehuda"
"#Judah","Yehudi"
"#Julissa","Julissa"
"#Julius","Gillian"
"#Julius","Giulia"
"#Julius","Giulio"
"#Julius","Jillian"
"#Julius","Jules"
"#Julius","Julia"
"#Julius","Julian"
"#Julius","Juliana"
"#Julius","Julianna"
"#Julius","Julianne"
"#Julius","Julie"
"#Julius","Julien"
"#Julius","Juliet"
"#Julius","Juliette"
"#Julius","Julio"
"#Julius","Julius"
"#Julius","Junius"
"#June","June"
"#Junior","Junior"
"#Justin","Justen"
"#Justin","Justice"
"#Justin","Justin"
"#Justin","Justina"
"#Justin","Justine"
"#Justin","Justise"
"#Justin","Justus"
"#Justin","Justyn"
"#Juwan","Juwan"
"#Kacia","Kacia"
"#Kadeem","Kadeem"
"#Kaela","Kaela"
"#Kai","Kai"
"#Kaila","Kaila"
"#Kailey","Kailee"
"#Kailey","Kailey"
"#Kailey","Kaleigh"
"#Kailey","Kali"
"#Kailey","Kalie"
"#Kailey","Kaylee"
"#Kailey","Kayleigh"
"#Kailey","Kayley"
"#Kailey","Kayli"
"#Kailey","Kaylie"
"#Kailey","Kaylin"
"#Kailey","Kaylyn"
"#Kailey","Kaylynn"
"#Kailyn","Kailyn"
"#Kailyn","Kalen"
"#Kailyn","Kalyn"
"#Kala","Kala"
"#Kalei","Kalei"
"#Kane","Kane"
"#Kareem","Kareem"
"#Kareem","Karim"
"#Karston","Karston"
"#Katharine","Carey"
"#Katharine","Cary"
"#Katharine","Catalin"
"#Katharine","Catalina"
"#Katharine","Cate"
"#Katharine","Catherine"
"#Katharine","Cathy"
"#Katharine","Karan"
"#Katharine","Karen"
"#Katharine","Karena"
"#Katharine","Kari"
"#Katharine","Karin"
"#Katharine","Kasia"
"#Katharine","Kat"
"#Katharine","Katalin"
"#Katharine","Katarina"
"#Katharine","Kate"
"#Katharine","Katen"
"#Katharine","Katharine"
"#Katharine","Katherine"
"#Katharine","Kathie"
"#Katharine","Kathleen"
"#Katharine","Kathryn"
"#Katharine","Kathy"
"#Katharine","Katia"
"#Katharine","Katie"
"#Katharine","Katrina"
"#Katharine","Katy"
"#Katharine","Kitty"
"#Katharine","Trina"
"#Katherine","Katerina"
"#Katherine","Katheryn"
"#Katherine","Kathrine"
"#Kayla","Cayla"
"#Kayla","Kayla"
"#Keanu","Keanu"
"#Keaton","Keaton"
"#Keegan","Keegan"
"#Keegan","Kegan"
"#Keely","Keely"
"#Keen","Keen"
"#Keen","Keene"
"#Keenan","Keenan"
"#Keeran","Keeran"
"#Keeran","Kieran"
"#Keiko","Keiko"
"#Keil","Keil"
"#Keila","Keila"
"#Keir","Keir"
"#Keir","Keiran"
"#Keisha","Keisha"
"#Keishla","Keishla"
"#Keith","Keith"
"#Kelby","Kelby"
"#Kellen","Kellen"
"#Kelly","Kaley"
"#Kelly","Kelley"
"#Kelly","Kelli"
"#Kelly","Kellie"
"#Kelly","Kelly"
"#Kelsey","Kelcie"
"#Kelsey","Kellsie"
"#Kelsey","Kelsea"
"#Kelsey","Kelsey"
"#Kelsey","Kelsi"
"#Kelsey","Kelsie"
"#Kelton","Kelton"
"#Kelvin","Kelvin"
"#Kendall","Kendal"
"#Kendall","Kendall"
"#Kendra","Kendra"
"#Kendrick","Kendrick"
"#Kennedy","Kennedy"
"#Kenneth","Cullen"
"#Kenneth","Ken"
"#Kenneth","Kenneth"
"#Kenneth","Kenny"
"#Kent","Kent"
"#Kenton","Kenton"
"#Kenya","Kenia"
"#Kenya","Kenya"
"#Kenyon","Kenyon"
"#Keon","Keon"
"#Kermit","Dermot"
"#Kermit","Kermit"
"#Kerr","Kerr"
"#Kerri","Keri"
"#Kerri","Kerri"
"#Kerri","Kerry"
"#Kevin","Keven"
"#Kevin","Kevin"
"#Kevin","Kevon"
"#Kevin","Kiefer"
"#Kezia","Kesia"
"#Kezia","Kezia"
"#Kezia","Keziah"
"#Khadijah","Khadijah"
"#Khalid","Khalid"
"#Khalil","Kalil"
"#Khalil","Khalil"
"#Kia","Kia"
"#Kiana","Kiana"
"#Kiana","Kianna"
"#Kiera","Kiara"
"#Kiera","Kiera"
"#Kiera","Kierra"
"#Kiki","Kiki"
"#Kiley","Kiley"
"#Killian","Killian"
"#Kimball","Kimball"
"#Kimberly","Kim"
"#Kimberly","Kimberlee"
"#Kimberly","Kimberley"
"#Kimberly","Kimberly"
"#Kimberly","Kimmy"
"#Kinsey","Kinsey"
"#Kira","Kira"
"#Kirby","Kirby"
"#Kirk","Kirk"
"#Kizzy","Kizzy"
"#Klaus","Klaus"
"#Knox","Knox"
"#Knut","Knut"
"#Knut","Knute"
"#Kolya","Kolya"
"#Krishna","Krishna"
"#Kwame","Kwame"
"#Kyleigh","Kyla"
"#Kyleigh","Kyle"
"#Kyleigh","Kylee"
"#Kyleigh","Kyleigh"
"#Kyleigh","Kylia"
"#Kyleigh","Kylie"
"#Kylene","Kylene"
"#Kyra","Kyra"
"#Laban","Laban"
"#Lacey","Lacey"
"#Lachlan","Lachlan"
"#Ladarius","Ladarius"
"#Lael","Lael"
"#Laila","Laila"
"#Lakeisha","Lakeisha"
"#Lamar","Lamar"
"#Lana","Allene"
"#Lana","Lana"
"#Lanai","Lanai"
"#Lance","Lance"
"#Lancelot","Lancelot"
"#Landon","Landon"
"#Langston","Langston"
"#Lani","Lani"
"#Latasha","Latasha"
"#Latham","Latham"
"#Lathrop","Lathrop"
"#Latifah","Latifah"
"#Latimer","Latimer"
"#Latisha","Latisha"
"#Latoya","Latoya"
"#Laverne","Laverne"
"#Lawrence","Larry"
"#Lawrence","Lars"
"#Lawrence","Laura"
"#Lawrence","Laurel"
"#Lawrence","Lauren"
"#Lawrence","Laurence"
"#Lawrence","Laurent"
"#Lawrence","Laurie"
"#Lawrence","Lauryn"
"#Lawrence","Lawrence"
"#Lawrence","Lawrencia"
"#Lawrence","Loren"
"#Lawrence","Lorena"
"#Lawrence","Lorenzo"
"#Lawrence","Loretta"
"#Lawrence","Lori"
"#Lawrence","Lorie"
"#Lawrence","Lorin"
"#Lawrence","Lorna"
"#Lawrence","Lorne"
"#Lawrence","Lorretta"
"#Lawrence","Rance"
"#Lawson","Lawson"
"#Layla","Layla"
"#Layla","Leila"
"#Layne","Lane"
"#Layne","Layne"
"#Lazarus","Eleazar"
"#Lazarus","Eliezer"
"#Lazarus","Laszlo"
"#Lazarus","Lazar"
"#Lazarus","Lazaro"
"#Lazarus","Lazarus"
"#Lazarus","Lazzaro"
"#Lea","Lea"
"#Leala","Leala"
"#Leandra","Leandra"
"#Leane","Leane"
"#Leane","Leann"
"#Leane","Leanna"
"#Leane","Leanne"
"#Leatrice","Leatrice"
"#Leda","Leda"
"#Lee","Lee"
"#Lee","Leigh"
"#Leeann","Leeann"
"#Leia","Leah"
"#Leia","Leia"
"#Leif","Leif"
"#Leilani","Leilani"
"#Leland","Leland"
"#Leland","Leslie"
"#Leland","Lesly"
"#Leland","Lynley"
"#Lemuel","Lemuel"
"#Lena","Lena"
"#Leona","Leona"
"#Leonard","Leander"
"#Leonard","Len"
"#Leonard","Lenora"
"#Leonard","Leo"
"#Leonard","Leon"
"#Leonard","Leonard"
"#Leonard","Leonardo"
"#Leonard","Leontyne"
"#Leonard","Lionel"
"#Leonard","Llewellyn"
"#Leonel","Leonel"
"#Leopold","Leopold"
"#Leroy","Elroy"
"#Leroy","Leroy"
"#Leroy","Rex"
"#Leroy","Rey"
"#Leroy","Roy"
"#Les","Les"
"#Les","Lester"
"#Lesley","Lesley"
"#Leticia","Leticia"
"#Letitia","Letitia"
"#Levi","Levi"
"#Lexi","Lexi"
"#Lexi","Lexie"
"#Lexus","Lexus"
"#Lia","Lia"
"#Liam","Liam"
"#Liana","Liana"
"#Lila","Lila"
"#Liliana","Liliana"
"#Lilith","Lilith"
"#Lillian","Lilian"
"#Lillian","Lilianna"
"#Lillian","Lillian"
"#Lily","Lilli"
"#Lily","Lilly"
"#Lily","Lily"
"#Lincoln","Lincoln"
"#Linda","Linda"
"#Linda","Lynda"
"#Linda","Lynette"
"#Lindsay","Lindsay"
"#Lindsay","Lindsey"
"#Lindsay","Lindy"
"#Lindsay","Lynde"
"#Lindsay","Lyndsey"
"#Linnea","Linnea"
"#Linus","Linus"
"#Lloyd","Lloyd"
"#Logan","Logan"
"#Lois","Eloise"
"#Lois","Lois"
"#Lola","Lola"
"#Lonnie","Lonnie"
"#Lorelei","Lorelei"
"#Lorimer","Lorimer"
"#Lorraine","Laraine"
"#Lorraine","Lorraine"
"#Louella","Louella"
"#Louis","Clovis"
"#Louis","Lew"
"#Louis","Lewis"
"#Louis","Lou"
"#Louis","Louanna"
"#Louis","Louie"
"#Louis","Louis"
"#Louis","Louisa"
"#Louis","Louise"
"#Louis","Ludwig"
"#Louis","Luigi"
"#Louis","Luis"
"#Louis","Luther"
"#Lourdes","Lourdes"
"#Lowell","Lowell"
"#Lucero","Lucero"
"#Lucinda","Lucinda"
"#Ludlow","Ludlow"
"#Luke","Luca"
"#Luke","Lucas"
"#Luke","Luce"
"#Luke","Lucia"
"#Luke","Lucian"
"#Luke","Luciana"
"#Luke","Luciano"
"#Luke","Lucie"
"#Luke","Lucien"
"#Luke","Lucille"
"#Luke","Lucio"
"#Luke","Lucius"
"#Luke","Lucretia"
"#Luke","Lucus"
"#Luke","Lucy"
"#Luke","Luka"
"#Luke","Lukas"
"#Luke","Luke"
"#Luke","Luz"
"#Lulu","Lula"
"#Lulu","Lulu"
"#Lydia","Lidia"
"#Lydia","Lydia"
"#Lydia","Lydie"
"#Lyle","Lyle"
"#Lyn","Lyn"
"#Lyn","Lynn"
"#Lyn","Lynna"
"#Lyn","Lynne"
"#Lyndon","Lyndon"
"#Lysandra","Lysander"
"#Lysandra","Lysandra"
"#Mabel","Mabel"
"#Macey","Macey"
"#Macey","Macie"
"#Mackenzie","Mackenzie"
"#Mackenzie","Makenna"
"#Mackenzie","Makenzie"
"#Mackenzie","Mckenna"
"#Mackenzie","Mckenzie"
"#Macon","Macon"
"#Macy","Macy"
"#Maddox","Maddox"
"#Madison","Maddison"
"#Madison","Madison"
"#Madonna","Madonna"
"#Maeve","Maeve"
"#Magdalena","Madalyn"
"#Magdalena","Madeleine"
"#Magdalena","Madeline"
"#Magdalena","Madelyn"
"#Magdalena","Magda"
"#Magdalena","Magdalena"
"#Magdalena","Magdalene"
"#Magdalena","Marla"
"#Magdalena","Marlas"
"#Magdalena","Maud"
"#Magdalena","Maude"
"#Maira","Maira"
"#Maitland","Maitland"
"#Malachi","Malachi"
"#Malcolm","Malcolm"
"#Malia","Malia"
"#Malik","Malik"
"#Malik","Melchior"
"#Mallory","Mallory"
"#Mallory","Malory"
"#Marcellus","Marcel"
"#Marcellus","Marcella"
"#Marcellus","Marcello"
"#Marcellus","Marcellus"
"#Marcia","Marcia"
"#Marcia","Marcy"
"#Marcia","Marsha"
"#Margaret","Greta"
"#Margaret","Gretchen"
"#Margaret","Gretel"
"#Margaret","Madge"
"#Margaret","Maegan"
"#Margaret","Maggie"
"#Margaret","Maisie"
"#Margaret","Margaret"
"#Margaret","Margarita"
"#Margaret","Margaux"
"#Margaret","Marge"
"#Margaret","Margo"
"#Margaret","Margot"
"#Margaret","Marguerite"
"#Margaret","Marjorie"
"#Margaret","Meagan"
"#Margaret","Meaghan"
"#Margaret","Meg"
"#Margaret","Megan"
"#Margaret","Megara"
"#Margaret","Meghan"
"#Margaret","Metta"
"#Margaret","Pegeen"
"#Margaret","Peggy"
"#Margaret","Peigi"
"#Margaret","Rita"
"#Mariam","Mariam"
"#Mariana","Mariana"
"#Maribeth","Maribeth"
"#Maricela","Maricela"
"#Mariela","Mariela"
"#Marigold","Marigold"
"#Marilu","Marilu"
"#Marina","Marina"
"#Marisa","Marisa"
"#Marisa","Marisela"
"#Marisa","Mariska"
"#Marisa","Marissa"
"#Marisa","Marnie"
"#Marisa","Meris"
"#Marisa","Merlin"
"#Marisa","Miriam"
"#Marisol","Marisol"
"#Marius","Mario"
"#Marius","Marius"
"#Marius","Murray"
"#Mark","Marc"
"#Mark","Marco"
"#Mark","Marcos"
"#Mark","Marcus"
"#Mark","Mark"
"#Mark","Markus"
"#Mark","Marques"
"#Mark","Marquez"
"#Mark","Marquis"
"#Mark","Marquise"
"#Marlo","Marilyn"
"#Marlo","Marlee"
"#Marlo","Marlena"
"#Marlo","Marlene"
"#Marlo","Marlo"
"#Marlo","Marly"
"#Marshall","Marshall"
"#Martha","Marta"
"#Martha","Martha"
"#Martin","Marcell"
"#Martin","Marcie"
"#Martin","Marek"
"#Martin","Martin"
"#Martin","Martina"
"#Martin","Martine"
"#Martin","Marty"
"#Martitia","Martitia"
"#Marva","Marva"
"#Marvin","Marv"
"#Marvin","Marvin"
"#Marvin","Merv"
"#Marvin","Mervin"
"#Marvin","Mervyn"
"#Marya","Marya"
"#Mason","Mason"
"#Mathilda","Mathilda"
"#Mathilda","Mathilde"
"#Mathilda","Matilda"
"#Mathilda","Matilde"
"#Mathilda","Matty"
"#Mathilda","Tillie"
"#Mathilda","Tilly"
"#Matthew","Mateo"
"#Matthew","Mathew"
"#Matthew","Matias"
"#Matthew","Matt"
"#Matthew","Matteo"
"#Matthew","Matthew"
"#Matthew","Matthias"
"#Matthew","Mattox"
"#Maureen","Maura"
"#Maureen","Maureen"
"#Maurice","Maurice"
"#Maurice","Mauricio"
"#Maurice","Maurilio"
"#Maurice","Maurizio"
"#Maurice","Mauro"
"#Maurice","Mo"
"#Maurice","Moe"
"#Maurice","Morey"
"#Maurice","Morley"
"#Maurice","Morrie"
"#Maurice","Morris"
"#Maurice","Morse"
"#Mavis","Mavis"
"#Maximos","Massimo"
"#Maximos","Max"
"#Maximos","Maxim"
"#Maximos","Maxima"
"#Maximos","Maxime"
"#Maximos","Maximilian"
"#Maximos","Maximillia"
"#Maximos","Maximos"
"#Maximos","Maximus"
"#Maximos","Maxine"
"#Maxwell","Maxwell"
"#Maya","Maya"
"#Maya","Mya"
"#Maynard","Maynard"
"#Mayra","Mayra"
"#Medea","Medea"
"#Melanie","Melania"
"#Melanie","Melanie"
"#Melantha","Melantha"
"#Melba","Melba"
"#Melina","Melina"
"#Melissa","Melinda"
"#Melissa","Melisa"
"#Melissa","Melisande"
"#Melissa","Melissa"
"#Melissa","Melita"
"#Melissa","Mindy"
"#Melody","Melodie"
"#Melody","Melody"
"#Melva","Melva"
"#Melvin","Melvin"
"#Melvin","Melvyn"
"#Melvin","Miller"
"#Mercedes","Mercedes"
"#Mercedes","Mercy"
"#Mercedes","Mircea"
"#Meredith","Meredith"
"#Merrill","Marlon"
"#Merrill","Merle"
"#Merrill","Merrill"
"#Merrill","Meryl"
"#Merrill","Meryle"
"#Merrill","Muriel"
"#Merritt","Merritt"
"#Merry","Merry"
"#Metta","Meghana"
"#Mia","Mia"
"#Michael","Macayle"
"#Michael","Makaila"
"#Michael","Makayla"
"#Michael","Mckale"
"#Michael","Mckayla"
"#Michael","Micaela"
"#Michael","Micah"
"#Michael","Michael"
"#Michael","Michaela"
"#Michael","Micheal"
"#Michael","Michel"
"#Michael","Michele"
"#Michael","Micheline"
"#Michael","Michelle"
"#Michael","Mick"
"#Michael","Mickey"
"#Michael","Miguel"
"#Michael","Mihaly"
"#Michael","Mikaela"
"#Michael","Mikaili"
"#Michael","Mikala"
"#Michael","Mikayla"
"#Michael","Mike"
"#Michael","Mikel"
"#Michael","Mikhail"
"#Michael","Mikkel"
"#Michael","Mikko"
"#Michael","Misha"
"#Michael","Mitch"
"#Michael","Mitchel"
"#Michael","Mitchell"
"#Michael","Mykelti"
"#Midori","Midori"
"#Milagro","Milagro"
"#Milan","Milan"
"#Mildred","Mildred"
"#Mildred","Mili"
"#Mildred","Millie"
"#Mildred","Milly"
"#Miles","Miles"
"#Miles","Milo"
"#Miles","Myles"
"#Milla","Milla"
"#Millicent","Millicent"
"#Milton","Milton"
"#Mimi","Mimi"
"#Minerva","Minerva"
"#Mirabel","Mirabel"
"#Mirabel","Mirabelle"
"#Miracle","Miracle"
"#Miranda","Maranda"
"#Miranda","Meranda"
"#Miranda","Mira"
"#Miranda","Miranda"
"#Miranda","Myra"
"#Miranda","Myranda"
"#Mirielle","Mae"
"#Mirielle","Mara"
"#Mirielle","Maria"
"#Mirielle","Mariah"
"#Mirielle","Marian"
"#Mirielle","Marianne"
"#Mirielle","Maribel"
"#Mirielle","Marie"
"#Mirielle","Mariel"
"#Mirielle","Marietta"
"#Mirielle","Marion"
"#Mirielle","Maritza"
"#Mirielle","Marlin"
"#Mirielle","Marlis"
"#Mirielle","Mary"
"#Mirielle","May"
"#Mirielle","Minnie"
"#Mirielle","Mireille"
"#Mirielle","Mirella"
"#Mirielle","Mireya"
"#Mirielle","Mirielle"
"#Mirielle","Moira"
"#Mirielle","Molly"
"#Mirielle","Moriah"
"#Miroslav","Miroslav"
"#Misael","Misael"
"#Missie","Missie"
"#Misty","Misty"
"#Moesha","Moesha"
"#Moesha","Moeshe"
"#Moesha","Moises"
"#Moesha","Moses"
"#Moesha","Moshe"
"#Mohan","Mohan"
"#Mollie","Mollie"
"#Mona","Mona"
"#Monica","Monica"
"#Monica","Monika"
"#Monica","Monique"
"#Monisha","Monisha"
"#Monroe","Monroe"
"#Montague","Montague"
"#Montana","Montana"
"#Montgomery","Lamont"
"#Montgomery","Monte"
"#Montgomery","Montego"
"#Montgomery","Montgomery"
"#Montgomery","Monty"
"#Mordecai","Mordecai"
"#Morgana","Morgan"
"#Morgana","Morgana"
"#Morrison","Morrison"
"#Mortimer","Mort"
"#Mortimer","Mortimer"
"#Mortimer","Morty"
"#Morton","Morton"
"#Morwenna","Morwenna"
"#Muhammad","Mohamed"
"#Muhammad","Mohammad"
"#Muhammad","Mohammed"
"#Muhammad","Muhammad"
"#Mulan","Mulan"
"#Murphy","Murphy"
"#Myrna","Myrna"
"#Myron","Myron"
"#Myrtle","Myrtle"
"#Nadia","Nadia"
"#Nadia","Nadie"
"#Nadia","Nadine"
"#Najee","Najee"
"#Nani","Nani"
"#Naomi","Naomi"
"#Naomi","Noam"
"#Napoleon","Napoleon"
"#Narcisse","Narcisse"
"#Nasser","Nasser"
"#Natasha","Anastacia"
"#Natasha","Anastasia"
"#Natasha","Natasha"
"#Natasha","Stacey"
"#Natasha","Staci"
"#Natasha","Stacia"
"#Natasha","Stacie"
"#Natasha","Stacy"
"#Natasha","Tasha"
"#Nayeli","Nayeli"
"#Neal","Neal"
"#Neal","Neil"
"#Neal","Nia"
"#Neal","Niall"
"#Ned","Ned"
"#Nelly","Nell"
"#Nelly","Nelly"
"#Nelly","Pello"
"#Nelson","Nelson"
"#Nelson","Niles"
"#Nero","Nero"
"#Nero","Neron"
"#Nessa","Nessa"
"#Nestor","Nestor"
"#Neva","Neva"
"#Newman","Neville"
"#Newman","Newman"
"#Newman","Newton"
"#Nicholas","Cole"
"#Nicholas","Colette"
"#Nicholas","Kole"
"#Nicholas","Nichelle"
"#Nicholas","Nicholai"
"#Nicholas","Nicholas"
"#Nicholas","Nichole"
"#Nicholas","Nick"
"#Nicholas","Nicki"
"#Nicholas","Nicklaus"
"#Nicholas","Nickolas"
"#Nicholas","Nicky"
"#Nicholas","Nico"
"#Nicholas","Nicola"
"#Nicholas","Nicolas"
"#Nicholas","Nicole"
"#Nicholas","Nicolette"
"#Nicholas","Nikhil"
"#Nicholas","Nikita"
"#Nicholas","Nikki"
"#Nicholas","Niko"
"#Nicholas","Nikolas"
"#Nicholas","Nikole"
"#Nicodemus","Nicodemus"
"#Nimrod","Nimrod"
"#Nina","Nina"
"#Nita","Nita"
"#Noah","Noah"
"#Noelani","Noelani"
"#Noelle","Natala"
"#Noelle","Natalia"
"#Noelle","Natalie"
"#Noelle","Nataly"
"#Noelle","Natalya"
"#Noelle","Nathalie"
"#Noelle","Noe"
"#Noelle","Noel"
"#Noelle","Noelle"
"#Noemi","Noemi"
"#Nolan","Nola"
"#Nolan","Nolan"
"#Norman","Norm"
"#Norman","Norma"
"#Norman","Norman"
"#Norman","Norris"
"#Norton","Norton"
"#Octavius","Octavia"
"#Octavius","Octavio"
"#Octavius","Octavious"
"#Octavius","Octavius"
"#Octavius","Tavia"
"#Odelia","Odelia"
"#Odell","Odell"
"#Odette","Odele"
"#Odette","Odetta"
"#Odette","Odette"
"#Odile","Odile"
"#Odin","Odin"
"#Odysseus","Odysseus"
"#Odysseus","Ulises"
"#Odysseus","Ulysses"
"#Ogden","Ogden"
"#Oksana","Oksana"
"#Olaf","Olaf"
"#Olga","Oleg"
"#Olga","Olga"
"#Olin","Olin"
"#Oliver","Liv"
"#Oliver","Livvy"
"#Oliver","Olive"
"#Oliver","Oliver"
"#Oliver","Olivia"
"#Oliver","Ollie"
"#Olympia","Olympia"
"#Omar","Omar"
"#Omari","Omari"
"#Onslow","Onslow"
"#Oona","Oona"
"#Opal","Opal"
"#Ophelia","Ophelia"
"#Oriana","Oriana"
"#Orion","Orion"
"#Orlando","Orlando"
"#Orrin","Orrin"
"#Orson","Orsen"
"#Orson","Orsin"
"#Orson","Orson"
"#Orson","Ursala"
"#Orson","Ursula"
"#Orville","Ora"
"#Orville","Orville"
"#Osborn","Osborn"
"#Osbourne","Osbourne"
"#Oscar","Oscar"
"#Osgood","Osgood"
"#Oswald","Ossie"
"#Oswald","Osvaldo"
"#Oswald","Oswald"
"#Oswald","Ozzie"
"#Oswald","Ozzy"
"#Oswald","Waldo"
"#Othello","Othello"
"#Otis","Otis"
"#Otto","Otto"
"#Ovid","Ovid"
"#Page","Page"
"#Paige","Paige"
"#Paisley","Paisley"
"#Palma","Palma"
"#Palma","Palmer"
"#Paloma","Paloma"
"#Pam","Pam"
"#Pam","Pamela"
"#Pancho","Pancho"
"#Pansy","Pansy"
"#Paris","Paris"
"#Parker","Parker"
"#Parrish","Parrish"
"#Pascha","Pascal"
"#Pascha","Pascale"
"#Pascha","Pascha"
"#Pascha","Pasha"
"#Patience","Patience"
"#Patrick","Paddy"
"#Patrick","Pat"
"#Patrick","Patrice"
"#Patrick","Patricia"
"#Patrick","Patrick"
"#Patrick","Patsy"
"#Patrick","Patty"
"#Patrick","Tisha"
"#Patrick","Tricia"
"#Patrick","Trish"
"#Patrick","Trisha"
"#Paul","Pabla"
"#Paul","Pablo"
"#Paul","Paley"
"#Paul","Paola"
"#Paul","Paolo"
"#Paul","Paul"
"#Paul","Paula"
"#Paul","Paulette"
"#Paul","Paulina"
"#Paul","Pauline"
"#Paul","Paulo"
"#Paul","Paulos"
"#Paul","Pavel"
"#Paul","Polly"
"#Paul","Saul"
"#Paxton","Paxton"
"#Payton","Payton"
"#Payton","Peyton"
"#Pearl","Pearl"
"#Pembroke","Pembroke"
"#Penelope","Penelope"
"#Penelope","Penney"
"#Penelope","Pennie"
"#Penelope","Penny"
"#Penn","Penn"
"#Peony","Peony"
"#Percival","Percival"
"#Percival","Percy"
"#Perla","Perla"
"#Persephone","Persephone"
"#Peter","Patch"
"#Peter","Pedro"
"#Peter","Perry"
"#Peter","Pete"
"#Peter","Peter"
"#Peter","Petra"
"#Peter","Pier"
"#Peter","Piera"
"#Peter","Pierce"
"#Peter","Pierre"
"#Peter","Pierrette"
"#Peter","Rochelle"
"#Peter","Rock"
"#Peter","Sela"
"#Petula","Petula"
"#Petunia","Petunia"
"#Philip","Felipe"
"#Philip","Phil"
"#Philip","Philip"
"#Philip","Philippa"
"#Philip","Phillip"
"#Philip","Pippa"
"#Philomena","Philomena"
"#Phineas","Phineas"
"#Phoebe","Phoebe"
"#Phyllis","Phyliss"
"#Phyllis","Phyllis"
"#Pia","Pia"
"#Pilar","Pilar"
"#Placido","Placido"
"#Pomona","Pomona"
"#Porter","Porter"
"#Portia","Portia"
"#Precious","Precious"
"#Prentice","Prentice"
"#Presley","Presley"
"#Presley","Preston"
"#Prince","Prince"
"#Prince","Princess"
"#Priscilla","Priscilla"
"#Prudence","Prudence"
"#Prudence","Prue"
"#Quentin","Quentin"
"#Quentin","Quin"
"#Quentin","Quinn"
"#Quentin","Quintana"
"#Quentin","Quinten"
"#Quentin","Quintin"
"#Quentin","Quintina"
"#Quentin","Quinton"
"#Quincy","Quincy"
"#Quinlan","Quinlan"
"#Rachel","Rachael"
"#Rachel","Racheal"
"#Rachel","Rachel"
"#Rachel","Rachelle"
"#Rachel","Raquel"
"#Radley","Radley"
"#Raekwon","Raekwon"
"#Rafer","Rafer"
"#Rafi","Rafi"
"#Rafiki","Rafiki"
"#Raheem","Raheem"
"#Rainer","Rainer"
"#Rainer","Reggie"
"#Rainer","Reginald"
"#Rainer","Reynaldo"
"#Rainer","Reynold"
"#Rainer","Ron"
"#Rainer","Ronald"
"#Raleigh","Raleigh"
"#Ralph","Rafe"
"#Ralph","Ralph"
"#Ralph","Randall"
"#Ralph","Randi"
"#Ralph","Randolph"
"#Ralph","Randy"
"#Ralph","Raul"
"#Ramiro","Ramiro"
"#Ramses","Ramses"
"#Ranier","Ronni"
"#Ranier","Ronny"
"#Raphael","Rafael"
"#Raphael","Raffaela"
"#Raphael","Raffaello"
"#Raphael","Raphael"
"#Raphael","Raphaela"
"#Rashad","Rashad"
"#Rashawn","Rashawn"
"#Rashid","Rasheed"
"#Rashid","Rashid"
"#Raven","Raven"
"#Raymond","Rae"
"#Raymond","Ramon"
"#Raymond","Ramona"
"#Raymond","Ray"
"#Raymond","Raymond"
"#Raymond","Raymundo"
"#Rayshawn","Rayshawn"
"#Reagan","Reagan"
"#Reagan","Regan"
"#Rebecca","Becca"
"#Rebecca","Becka"
"#Rebecca","Becky"
"#Rebecca","Reba"
"#Rebecca","Rebeca"
"#Rebecca","Rebecca"
"#Rebecca","Rebekah"
"#Rebecca","Rebekkah"
"#Reece","Reece"
"#Reece","Rhett"
"#Reece","Rhys"
"#Reese","Reese"
"#Reeves","Reeves"
"#Remington","Remington"
"#Remy","Remy"
"#Rena","Rena"
"#Rene","Ranae"
"#Rene","Renata"
"#Rene","Renate"
"#Rene","Rene"
"#Rene","Renee"
"#Reuben","Reuben"
"#Reuben","Ruben"
"#Reyna","Regina"
"#Reyna","Reina"
"#Reyna","Reya"
"#Reyna","Reyna"
"#Rhea","Rhea"
"#Rhiannon","Rhiannon"
"#Rhodes","Rhodes"
"#Rhonda","Rhona"
"#Rhonda","Rhonda"
"#Rhonda","Ronda"
"#Richard","Dick"
"#Richard","Ricardo"
"#Richard","Rich"
"#Richard","Richard"
"#Richard","Richelle"
"#Richard","Rick"
"#Richard","Rickey"
"#Richard","Ricki"
"#Richard","Ricky"
"#Richard","Rikki"
"#Rider","Rider"
"#Ridge","Ridge"
"#Rigoberto","Rigoberto"
"#Riley","Reilly"
"#Riley","Riley"
"#Riley","Rylee"
"#Riordan","Riordan"
"#Risa","Risa"
"#River","River"
"#Robert","Bert"
"#Robert","Bertha"
"#Robert","Bob"
"#Robert","Bobbi"
"#Robert","Bobbie"
"#Robert","Bobby"
"#Robert","Rob"
"#Robert","Robbie"
"#Robert","Robert"
"#Robert","Roberta"
"#Robert","Roberto"
"#Robert","Rupert"
"#Robin","Robbin"
"#Robin","Robin"
"#Robin","Robyn"
"#Rocco","Rocco"
"#Rocio","Rocio"
"#Rockwell","Rockwell"
"#Rocky","Rocky"
"#Roderick","Derek"
"#Roderick","Derick"
"#Roderick","Derik"
"#Roderick","Derrick"
"#Roderick","Dirk"
"#Roderick","Roderick"
"#Roderick","Rodrigo"
"#Roderick","Rory"
"#Rodney","Rod"
"#Rodney","Rodd"
"#Rodney","Roddy"
"#Rodney","Rodney"
"#Roger","Rogelio"
"#Roger","Roger"
"#Rohan","Rohan"
"#Roland","Roland"
"#Roland","Rolando"
"#Roland","Rollo"
"#Romeo","Romaine"
"#Romeo","Roman"
"#Romeo","Romeo"
"#Romeo","Romy"
"#Romney","Romney"
"#Rona","Rona"
"#Roosevelt","Roosevelt"
"#Rosa","Rhoda"
"#Rosa","Rosa"
"#Rosa","Rosalie"
"#Rosa","Rose"
"#Rosa","Rosie"
"#Rosalind","Rosalind"
"#Rosalind","Rosalinda"
"#Rosalind","Rosaline"
"#Rosalind","Rosalyn"
"#Rosalind","Roz"
"#Rosamond","Rosamond"
"#Rosamund","Rosamund"
"#Roscoe","Roscoe"
"#Rosemary","Rosemary"
"#Ross","Ross"
"#Rowan","Rowan"
"#Roxanne","Rosanna"
"#Roxanne","Roseanne"
"#Roxanne","Roxana"
"#Roxanne","Roxanne"
"#Roxanne","Roxy"
"#Royal","Royal"
"#Royce","Royce"
"#Ruby","Ruby"
"#Rudolph","Adolfo"
"#Rudolph","Adolph"
"#Rudolph","Rodolfo"
"#Rudolph","Rolf"
"#Rudolph","Rudolph"
"#Rudolph","Rudy"
"#Rudolph","Ulf"
"#Rudolph","Ulric"
"#Rufus","Rufus"
"#Rusty","Reed"
"#Rusty","Reid"
"#Rusty","Russ"
"#Rusty","Russell"
"#Rusty","Rusti"
"#Rusty","Rusty"
"#Ruth","Ruth"
"#Ryan","Ryan"
"#Ryder","Ryder"
"#Ryne","Ryne"
"#Sabine","Sabin"
"#Sabine","Sabina"
"#Sabine","Sabine"
"#Sabra","Sabra"
"#Sabrina","Sabrina"
"#Sade","Sade"
"#Sage","Sage"
"#Salvatore","Sal"
"#Salvatore","Salvador"
"#Salvatore","Salvatore"
"#Samantha","Sam"
"#Samantha","Samantha"
"#Samantha","Sammy"
"#Samantha","Samuel"
"#Samara","Samara"
"#Samson","Samson"
"#Sanford","Sanford"
"#Sanjay","Sanjay"
"#Sanjiv","Sanjiv"
"#Santiago","Santiago"
"#Santos","Santos"
"#Sarah","Sadie"
"#Sarah","Sally"
"#Sarah","Sara"
"#Sarah","Sarah"
"#Sarah","Sarai"
"#Sargent","Sargent"
"#Savannah","Savanah"
"#Savannah","Savanna"
"#Savannah","Savannah"
"#Sawyer","Sawyer"
"#Scarlett","Scarlett"
"#Scott","Scot"
"#Scott","Scott"
"#Sebastien","Sebastian"
"#Sebastien","Sebastien"
"#Selene","Celina"
"#Selene","Celine"
"#Selene","Salina"
"#Selene","Selena"
"#Selene","Selene"
"#Selene","Selina"
"#Selma","Selma"
"#Serena","Sarina"
"#Serena","Serena"
"#Serge","Serge"
"#Serge","Sergio"
"#Seth","Seth"
"#Seymour","Seymour"
"#Shaina","Shaina"
"#Shakira","Shakira"
"#Shania","Shania"
"#Shanice","Shanice"
"#Shaniqua","Shaniqua"
"#Shanna","Shanna"
"#Shannon","Shannon"
"#Shantel","Shantel"
"#Shaquille","Shaquille"
"#Shaw","Shaw"
"#Shay","Shay"
"#Shay","Shea"
"#Shayla","Shayla"
"#Shayna","Shayna"
"#Shelby","Shelbi"
"#Shelby","Shelbie"
"#Shelby","Shelby"
"#Sheldon","Shel"
"#Sheldon","Sheldon"
"#Shelly","Shelley"
"#Shelly","Shelly"
"#Sheridan","Sheridan"
"#Sherlock","Sherlock"
"#Sherman","Sherman"
"#Sherry","Carissa"
"#Sherry","Cher"
"#Sherry","Cheri"
"#Sherry","Cherie"
"#Sherry","Cheryl"
"#Sherry","Karissa"
"#Sherry","Sharon"
"#Sherry","Sharona"
"#Sherry","Sheri"
"#Sherry","Sherri"
"#Sherry","Sherry"
"#Sherry","Sheryl"
"#Sherwood","Sherwood"
"#Shirlyn","Shirley"
"#Shirlyn","Shirlyn"
"#Shlomo","Salome"
"#Shlomo","Shlomo"
"#Shlomo","Solomon"
"#Sidney","Sid"
"#Sidney","Sidney"
"#Sidney","Sydnee"
"#Sidney","Sydney"
"#Sidney","Sydnie"
"#Sienna","Sienna"
"#Sierra","Ciara"
"#Sierra","Ciera"
"#Sierra","Cierra"
"#Sierra","Sierra"
"#Sigourney","Sigourney"
"#Simon","Simeon"
"#Simon","Simon"
"#Simon","Simone"
"#Simon","Symona"
"#Sinclair","Sinclair"
"#Sinclair","Synclair"
"#Skipper","Skip"
"#Skipper","Skipper"
"#Skye","Sky"
"#Skye","Skye"
"#Skylar","Schuyler"
"#Skylar","Skylar"
"#Skylar","Skyler"
"#Sloan","Calhoun"
"#Sloan","Sloan"
"#Sloan","Sloane"
"#Sloan","Slone"
"#Smith","Smith"
"#Socorro","Socorro"
"#Socrates","Socrates"
"#Solana","Solana"
"#Soledad","Soledad"
"#Soleil","Sol"
"#Soleil","Solange"
"#Soleil","Soleil"
"#Sonia","Sonia"
"#Sonia","Sonya"
"#Sonny","Sonny"
"#Sophie","Sofia"
"#Sophie","Sophia"
"#Sophie","Sophie"
"#Sophie","Zofia"
"#Soren","Soren"
"#Spencer","Spence"
"#Spencer","Spencer"
"#Spencer","Spenser"
"#Spiro","Spiro"
"#Sprague","Sprague"
"#Stanislav","Stanislaus"
"#Stanislav","Stanislav"
"#Stanislav","Stanislaw"
"#Stanley","Stan"
"#Stanley","Stanley"
"#Star","Astrid"
"#Star","Estelle"
"#Star","Ester"
"#Star","Esther"
"#Star","Estrella"
"#Star","Hester"
"#Star","Star"
"#Star","Starr"
"#Star","Stella"
"#Star","Trella"
"#Stavros","Stavros"
"#Stedman","Stedman"
"#Stephen","Esteban"
"#Stephen","Estefania"
"#Stephen","Estevan"
"#Stephen","Etienne"
"#Stephen","Stefan"
"#Stephen","Stefanie"
"#Stephen","Steffi"
"#Stephen","Steffie"
"#Stephen","Stephan"
"#Stephen","Stephanie"
"#Stephen","Stephany"
"#Stephen","Stephen"
"#Stephen","Stephon"
"#Stephen","Steve"
"#Stephen","Steven"
"#Stephen","Stevie"
"#Sterling","Sterling"
"#Stetson","Stetson"
"#Stillman","Stillman"
"#Stone","Stone"
"#Storm","Storm"
"#Storm","Stormy"
"#Stuart","Stew"
"#Stuart","Stewart"
"#Stuart","Stu"
"#Stuart","Stuart"
"#Sullivan","Sullivan"
"#Sullivan","Sully"
"#Summer","Summer"
"#Susan","Shoshana"
"#Susan","Shoshanah"
"#Susan","Shoushan"
"#Susan","Sue"
"#Susan","Suelita"
"#Susan","Susan"
"#Susan","Susana"
"#Susan","Susane"
"#Susan","Susanna"
"#Susan","Susannah"
"#Susan","Susie"
"#Susan","Suzanne"
"#Susan","Suzette"
"#Susan","Suzy"
"#Susan","Zsa Zsa"
"#Susan","Zuzana"
"#Sutton","Sutton"
"#Suzuki","Suzuki"
"#Sven","Sven"
"#Swain","Swain"
"#Sybil","Cybil"
"#Sybil","Sibyl"
"#Sybil","Sybil"
"#Syed","Syed"
"#Sylvia","Silas"
"#Sylvia","Silvain"
"#Sylvia","Silvana"
"#Sylvia","Silvia"
"#Sylvia","Sylvain"
"#Sylvia","Sylvana"
"#Sylvia","Sylvester"
"#Sylvia","Sylvia"
"#Sylvia","Sylvie"
"#Tabatha","Tabatha"
"#Tabitha","Tabitha"
"#Tacy","Tacey"
"#Tacy","Tacita"
"#Tacy","Tacy"
"#Taffy","Taffy"
"#Talia","Talia"
"#Taliesin","Taliesin"
"#Tallis","Tallis"
"#Tallis","Tallys"
"#Talon","Talon"
"#Tamar","Tamar"
"#Tamar","Tamara"
"#Tamar","Tamarr"
"#Tamar","Tamatha"
"#Tamar","Tamera"
"#Tamar","Tamira"
"#Tamar","Tammy"
"#Tamar","Tamra"
"#Tamar","Tamyra"
"#Tania","Tania"
"#Tanisha","Tanisha"
"#Tanner","Tanner"
"#Tanner","Tannis"
"#Tanya","Tanya"
"#Tanya","Tatiana"
"#Tanya","Tatyana"
"#Tara","Tara"
"#Tariq","Tariq"
"#Taryn","Tarin"
"#Taryn","Taryn"
"#Tate","Tate"
"#Tatum","Tatum"
"#Taurus","Taurus"
"#Tave","Gustave"
"#Tave","Gustavo"
"#Tave","Tave"
"#Tavon","Tavon"
"#Tawny","Tawny"
"#Taye","Taye"
"#Taylor","Tayler"
"#Taylor","Tayler"
"#Taylor","Taylor"
"#Teagan","Teagan"
"#Teague","Teague"
"#Telly","Telly"
"#Tempest","Tempest"
"#Templeton","Templeton"
"#Teresa","Teresa"
"#Teresa","Terri"
"#Teresa","Tess"
"#Teresa","Tessa"
"#Teresa","Theresa"
"#Teresa","Therese"
"#Teresa","Zita"
"#Teresa","Zyta"
"#Terra","Terra"
"#Terrell","Terrell"
"#Terrence","Terence"
"#Terrence","Terrance"
"#Terrence","Terrel"
"#Terrence","Terrence"
"#Terrence","Terry"
"#Terrene","Terrene"
"#Tevin","Tevin"
"#Thaddeus","Tad"
"#Thaddeus","Tadeo"
"#Thaddeus","Thad"
"#Thaddeus","Thaddeus"
"#Thaddeus","Thadeus"
"#Thalia","Thalia"
"#Thane","Thane"
"#Thelma","Thelma"
"#Theodore","Ted"
"#Theodore","Teddy"
"#Theodore","Tedros"
"#Theodore","Theo"
"#Theodore","Theodora"
"#Theodore","Theodore"
"#Theodore","Tudor"
"#Thierry","Thierry"
"#Thierry","Thiery"
"#Thomas","Tamas"
"#Thomas","Teo"
"#Thomas","Thom"
"#Thomas","Thomas"
"#Thomas","Thomasina"
"#Thomas","Tip"
"#Thomas","Tom"
"#Thomas","Tomas"
"#Thomas","Tommy"
"#Thor","Thor"
"#Thor","Thora"
"#Thornton","Thornton"
"#Thurman","Thurman"
"#Thurston","Thurston"
"#Tia","Tia"
"#Tiana","Tiana"
"#Tiana","Tianna"
"#Tiara","Tiara"
"#Tibor","Tibor"
"#Tiera","Tiera"
"#Tiera","Tierra"
"#Tiernan","Tiernan"
"#Tiernan","Tierney"
"#Tilden","Tilden"
"#Timothy","Tim"
"#Timothy","Timmy"
"#Timothy","Timothy"
"#Tina","Tina"
"#Tino","Tino"
"#Titus","Titus"
"#Tobias","Tobias"
"#Tobias","Toby"
"#Todd","Tod"
"#Todd","Todd"
"#Tosca","Tosca"
"#Tovah","Tobit"
"#Tovah","Tova"
"#Tovah","Tovah"
"#Townsend","Townsend"
"#Trace","Trace"
"#Tracy","Tracey"
"#Tracy","Traci"
"#Tracy","Tracy"
"#Travis","Travis"
"#Travon","Travon"
"#Tre","Trae"
"#Tre","Tre"
"#Tremain","Tremain"
"#Trent","Trent"
"#Trenton","Trenton"
"#Trevon","Trevon"
"#Trevor","Trever"
"#Trevor","Trevor"
"#Trinity","Tiffani"
"#Trinity","Tiffanie"
"#Trinity","Tiffany"
"#Trinity","Trey"
"#Trinity","Trini"
"#Trinity","Trinity"
"#Tristan","Trista"
"#Tristan","Tristan"
"#Tristan","Tristana"
"#Tristan","Tristen"
"#Tristan","Tristian"
"#Tristan","Tristin"
"#Tristan","Triston"
"#Tristan","Tristram"
"#Troy","Troy"
"#Truman","Truman"
"#Tucker","Tucker"
"#Turner","Turner"
"#Twyla","Twila"
"#Twyla","Twyla"
"#Tybalt","Tybalt"
"#Tyesha","Tyesha"
"#Tyler","Kyler"
"#Tyler","Ty"
"#Tyler","Tyler"
"#Tyler","Tylor"
"#Tyne","Tyne"
"#Tyquan","Tyquan"
"#Tyra","Tyra"
"#Tyree","Tyree"
"#Tyrell","Tyrell"
"#Tyron","Tyron"
"#Tyrone","Ty"
"#Tyrone","Tyrone"
"#Tyshawn","Tyshawn"
"#Tyson","Tyson"
"#Ulla","Ulla"
"#Uma","Uma"
"#Urban","Urbain"
"#Urban","Urban"
"#Urban","Urbana"
"#Urban","Urbano"
"#Uriah","Uri"
"#Uriah","Uriah"
"#Uriah","Yuri"
"#Uriel","Uriel"
"#Valentine","Valentin"
"#Valentine","Valentina"
"#Valentine","Valentine"
"#Valentine","Valentino"
"#Valerie","Val"
"#Valerie","Valarie"
"#Valerie","Valeria"
"#Valerie","Valerie"
"#Valerie","Vallerie"
"#Valerie","Valora"
"#Vance","Vance"
"#Vanessa","Vanesa"
"#Vanessa","Vanessa"
"#Vanna","Vanna"
"#Vasilis","Vasilis"
"#Vaughn","Van"
"#Vaughn","Vaughan"
"#Vaughn","Vaughn"
"#Vaughn","Von"
"#Venice","Venetia"
"#Venice","Venice"
"#Venus","Venus"
"#Verdi","Verdi"
"#Vern","Vern"
"#Vern","Verne"
"#Vern","Vernon"
"#Veronica","Ronnie"
"#Veronica","Vera"
"#Veronica","Verda"
"#Veronica","Verdad"
"#Veronica","Verna"
"#Veronica","Veronica"
"#Veronica","Veronique"
"#Victor","Tori"
"#Victor","Torie"
"#Victor","Tory"
"#Victor","Vic"
"#Victor","Vicki"
"#Victor","Vicky"
"#Victor","Victor"
"#Victor","Victoria"
"#Victor","Vittorio"
"#Vincent","Vicente"
"#Vincent","Vin"
"#Vincent","Vince"
"#Vincent","Vincent"
"#Vincent","Vinnie"
"#Vincent","Vinny"
"#Vinson","Vinson"
"#Violet","Vi"
"#Violet","Viola"
"#Violet","Violet"
"#Virgil","Virgil"
"#Virginia","Ginny"
"#Virginia","Virginia"
"#Vito","Bibiana"
"#Vito","Bibiane"
"#Vito","Vito"
"#Vito","Viveca"
"#Vito","Viveka"
"#Vito","Vivian"
"#Vito","Viviana"
"#Vito","Vivien"
"#Vito","Vivienne"
"#Vlad","Vlad"
"#Vlad","Vladimir"
"#Wade","Wade"
"#Walden","Walden"
"#Walden","Waldron"
"#Walker","Walker"
"#Wallace","Gale"
"#Wallace","Wallace"
"#Wallace","Wally"
"#Wallis","Wallis"
"#Walter","Walt"
"#Walter","Walter"
"#Ward","Ward"
"#Warren","Warner"
"#Warren","Warren"
"#Warren","Werner"
"#Warrick","Warrick"
"#Washington","Washington"
"#Waverly","Waverly"
"#Waylon","Waylon"
"#Waylon","Weylin"
"#Wayne","Dewayne"
"#Wayne","Duane"
"#Wayne","Dwayne"
"#Wayne","Waggoner"
"#Wayne","Wayne"
"#Webster","Webster"
"#Wendell","Lawanda"
"#Wendell","Wanda"
"#Wendell","Wendell"
"#Wendy","Guenevere"
"#Wendy","Guinevere"
"#Wendy","Gwen"
"#Wendy","Gwendolyn"
"#Wendy","Gwyn"
"#Wendy","Rowena"
"#Wendy","Wendi"
"#Wendy","Wendy"
"#Wesley","Wes"
"#Wesley","Wesley"
"#Wesley","Westley"
"#Weston","Weston"
"#Wheeler","Wheeler"
"#Whitby","Whitby"
"#Whitfield","Whitfield"
"#Whitley","Whitley"
"#Whitney","Whitney"
"#Wilfred","Wiley"
"#Wilfred","Wilford"
"#Wilfred","Wilfred"
"#Wilfred","Wilfredo"
"#Wilhelmina","Wilhelmina"
"#Willard","Ballard"
"#Willard","Willard"
"#William","Bill"
"#William","Billie"
"#William","Billy"
"#William","Elmo"
"#William","Guillermo"
"#William","Velma"
"#William","Vila"
"#William","Will"
"#William","Willa"
"#William","Willem"
"#William","William"
"#William","Willie"
"#William","Wilma"
"#Willow","Willow"
"#Wilmer","Wilmer"
"#Wilson","Willis"
"#Wilson","Wilson"
"#Wilton","Wilton"
"#Winchell","Winchell"
"#Winifred","Winfred"
"#Winifred","Winifred"
"#Winslow","Winslow"
"#Winston","Winston"
"#Winthrop","Winthrop"
"#Wolfgang","Wolfgang"
"#Woodrow","Woodrow"
"#Wray","Wray"
"#Wyatt","Wyatt"
"#Wylie","Wylie"
"#Wyman","Wyman"
"#Wynn","Wynn"
"#Wynn","Wynne"
"#Xanthus","Xanthe"
"#Xanthus","Xanthus"
"#Xanthus","Xanto"
"#Xerxes","Xerxes"
"#Xiomara","Xiomara"
"#Yadira","Yadira"
"#Yael","Yael"
"#Yajaira","Yajaira"
"#Yaphet","Yaphet"
"#Yardley","Yardley"
"#Yaritza","Yaritza"
"#Yaser","Yaser"
"#Yesenia","Yesenia"
"#Yesenia","Yessenia"
"#Yoland","Yoland"
"#Yoland","Yolanda"
"#York","York"
"#Yoshe","Yoshe"
"#Yoshi","Yoshi"
"#Yoshiko","Yoshiko"
"#Yoshino","Yoshino"
"#Yves","Ivette"
"#Yves","Yves"
"#Yves","Yvette"
"#Yvonne","Yvon"
"#Yvonne","Yvonne"
"#Zaccheus","Zaccheus"
"#Zachary","Zach"
"#Zachary","Zachariah"
"#Zachary","Zachary"
"#Zachary","Zachery"
"#Zachary","Zack"
"#Zachary","Zackary"
"#Zachary","Zackery"
"#Zachary","Zakary"
"#Zale","Zale"
"#Zara","Zara"
"#Zbigniew","Zbigniew"
"#Zebulon","Zebulon"
"#Zechariah","Zechariah"
"#Zedekiah","Zedekiah"
"#Zelda","Zelda"
"#Zelia","Zelia"
"#Zena","Zena"
"#Zev","Zev"
"#Zoe","Zoe"
"#Zoe","Zoey"
"#Zorah","Zorah"
"#Zubin","Zubin"
